,Return,MA_5D,Volume,Volatility_10D
1/2/2020,0.9352,322.722,59253833,6.766
1/3/2020,-0.7572,322.616,77783121,8.247
1/6/2020,0.3815,322.772,55761948,8.396
1/7/2020,-0.2812,323.102,42854811,8.629
1/8/2020,0.533,323.62,68434153,8.991
1/9/2020,0.6781,323.976,48569601,9.242
1/10/2020,-0.2878,324.636,53057389,9.487
1/13/2020,0.6877,325.498,47262010,9.052
1/14/2020,-0.1525,326.442,63036384,9.288
1/15/2020,0.226,327.19,72056598,8.169
1/16/2020,0.8318,328.044,54050328,7.035
1/17/2020,0.3113,329.292,95846017,7.015
1/21/2020,-0.1958,329.962,77742415,6.804
1/22/2020,0.0121,330.74,48914899,6.78
1/23/2020,0.1147,331.446,51962994,6.24
1/24/2020,-0.8893,331.016,87578442,8.221
1/27/2020,-1.6029,329.326,84062463,11.558
1/28/2020,1.0479,328.444,63833953,13.221
1/29/2020,-0.0826,327.5,54040889,13.139
1/30/2020,0.3245,326.692,75491844,12.291
1/31/2020,-1.8158,325.284,113845576,15.008
2/3/2020,0.7429,325.408,69242293,16.118
2/4/2020,1.5241,325.842,62573190,18.702
2/5/2020,1.1548,327.09,65951146,19.836
2/6/2020,0.3365,328.35,50359688,19.045
2/7/2020,-0.533,330.444,64139443,16.45
2/10/2020,0.7465,332.556,42070006,16.083
2/11/2020,0.1733,333.796,54864533,15.964
2/12/2020,0.6443,334.708,43992662,16.077
2/13/2020,-0.1067,335.324,54501922,10.121
2/14/2020,0.1602,336.404,64582210,10.186
2/18/2020,-0.2577,336.814,57342526,8.506
2/19/2020,0.4781,337.43,48814692,6.815
2/20/2020,-0.4108,337.336,74163362,7.421
2/21/2020,-1.0298,336.62,113788208,9.106
2/24/2020,-3.3165,333.584,161088409,19.619
2/25/2020,-3.0302,328.768,218913168,23.788
2/26/2020,-0.3678,323.4,194773819,22.411
2/27/2020,-4.4912,315.512,284353459,29.262
2/28/2020,-0.4202,308.068,385764020,28.418
3/2/2020,4.3307,305.402,238703625,41.723
3/3/2020,-2.8632,302.92,300139149,41.919
3/4/2020,4.2033,303.192,176613448,51.18
3/5/2020,-3.3242,304.182,186366809,53.014
3/6/2020,-1.6531,304.422,228667168,51.389
3/9/2020,-7.8095,297.45,309417349,63.996
3/10/2020,5.1745,295.086,276444058,72.974
3/11/2020,-4.8748,287.386,256416563,73.673
3/12/2020,-9.5677,276.516,392220669,88.374
3/13/2020,8.5486,270.888,329566100,99.316
3/16/2020,-10.9424,264.012,297240027,113.216
3/17/2020,5.3992,256.888,262070471,115.525
3/18/2020,-5.0633,250.016,327597131,116.45
3/19/2020,0.2125,248.496,289322037,117.358
3/20/2020,-4.2844,240.392,347158794,113.491
3/23/2020,-2.5568,237.012,326025169,105.175
3/24/2020,9.0603,235.082,235494475,120.673
3/25/2020,1.497,236.44,299430255,108.96
3/26/2020,5.839,240.578,257632816,103.437
3/27/2020,-2.9786,245.502,224341217,80.97
3/30/2020,3.2476,253.242,170961866,77.821
3/31/2020,-1.4905,256.162,194881060,71.49
4/1/2020,-4.5005,256.034,189554623,77.221
4/2/2020,2.3075,254.16,177660430,70.779
4/3/2020,-1.4454,253.114,135561171,69.119
4/6/2020,6.7166,253.756,188061238,62.107
4/7/2020,0.1019,255.232,201427189,62.165
4/8/2020,3.3568,260.808,153774487,57.224
4/9/2020,1.5217,266.082,190282705,53.107
4/13/2020,-0.913,271.576,114839053,52.266
4/14/2020,2.9493,275.362,134143350,51.931
4/15/2020,-2.1248,277.888,121775006,44.328
4/16/2020,0.4824,278.902,131798325,44.144
4/17/2020,2.7015,280.59,146684784,41.753
4/20/2020,-1.7618,281.776,100109285,32.959
4/21/2020,-3.0363,279.626,126385698,38.719
4/22/2020,2.2195,279.894,93524584,36.34
4/23/2020,-0.0072,279.89,104709693,35.471
4/24/2020,1.3939,279.156,85165953,35.62
4/27/2020,1.4418,280.248,77896608,32.876
4/28/2020,-0.4599,282.786,105269985,30.226
4/29/2020,2.6179,285.608,118745579,32.622
4/30/2020,-0.9311,287.888,122901701,30.711
5/1/2020,-2.6473,287.852,125180028,32.866
5/4/2020,0.2758,287.156,80873213,26.881
5/5/2020,0.9239,287.248,79569938,24.949
5/6/2020,-0.6779,285.456,73632628,25.456
5/7/2020,1.2067,284.896,75250412,25.196
5/8/2020,1.6546,286.826,76622128,25.556
5/11/2020,0.0205,288.612,79514231,25.277
5/12/2020,-1.9932,288.708,95870786,23.559
5/13/2020,-1.7686,288.178,144721099,24.772
5/14/2020,1.1967,287.636,121977890,21.41
5/15/2020,0.4597,286.404,111146276,21.485
5/18/2020,3.046,286.904,120320229,26.397
5/19/2020,-1.0271,287.964,95189316,26.901
5/20/2020,1.6988,291.03,85861691,27.548
5/21/2020,-0.6904,293.012,78293925,26.845
5/22/2020,0.1899,294.844,63958200,26.845
5/26/2020,1.2321,295.66,88951442,24.009
5/27/2020,1.4879,297.972,104817449,20.14
5/28/2020,-0.1845,299.18,90767807,20.696
5/29/2020,0.4456,301.068,119265702,20.701
6/1/2020,0.4042,303.09,56779836,15.215
6/2/2020,0.828,304.89,74267162,12.624
6/3/2020,1.3308,306.62,92567574,11.728
6/4/2020,-0.2627,308.298,75794363,10.391
6/5/2020,2.5629,311.302,150524674,14.255
6/8/2020,1.2087,314.832,73641217,14.237
6/9/2020,-0.7457,317.374,77479228,16.024
6/10/2020,-0.558,318.738,95000766,16.742
6/11/2020,-5.7649,316.588,209243560,38.862
6/12/2020,1.1976,313.562,194678879,39.444
6/15/2020,0.9336,310.332,135782724,39.523
6/16/2020,1.9248,308.766,137627502,40.293
6/17/2020,-0.4154,307.298,83398944,40.338
6/18/2020,0.0385,309.532,80828658,37.394
6/19/2020,-0.5689,310.418,135549624,36.452
6/22/2020,0.6415,311.132,74649389,36.92
6/23/2020,0.4604,310.95,68471246,37.144
6/24/2020,-2.5509,309.436,132813492,21.531
6/25/2020,1.0721,308.55,89467968,21.342
6/26/2020,-2.3751,306.832,127961017,24.491
6/29/2020,1.4698,305.6,79773260,23.296
6/30/2020,1.281,304.862,113394772,24.759
7/1/2020,0.7005,306.148,72396542,25.145
7/2/2020,0.5507,307.124,69344217,24.587
7/6/2020,1.5437,310.524,61713828,25.636
7/7/2020,-1.0314,312.388,82909963,26.445
7/8/2020,0.7649,313.952,54638596,21.152
7/9/2020,-0.5693,314.724,83354158,21.389
7/10/2020,1.0211,315.796,57550365,14.322
7/13/2020,-0.8659,315.354,102997484,15.378
7/14/2020,1.2959,316.382,93656951,15.407
7/15/2020,0.9187,317.516,87196524,15.597
7/16/2020,-0.3293,318.798,54622520,16.03
7/17/2020,0.2899,319.624,62774911,14.217
7/20/2020,0.8082,321.52,56308849,12.512
7/21/2020,0.2128,322.738,57498967,12.295
7/22/2020,0.5692,323.74,57792915,11.123
7/23/2020,-1.1932,324.174,75737989,13.475
7/24/2020,-0.644,324.006,73766597,12.949
7/27/2020,0.7292,323.786,48292970,11.727
7/28/2020,-0.6342,323.018,57494979,11.393
7/29/2020,1.2299,322.67,48454159,12.981
7/30/2020,-0.3568,322.87,61861714,13.217
7/31/2020,0.7902,323.998,85210755,13.185
8/3/2020,0.6952,325.112,53077948,13.594
8/4/2020,0.3863,326.89,41917893,13.437
8/5/2020,0.6211,328.288,42866354,11.02
8/6/2020,0.6685,330.362,43679447,9.465
8/7/2020,0.0718,331.972,57308270,9.512
8/10/2020,0.2989,333.328,44282089,7.332
8/11/2020,-0.8255,333.876,69601087,8.793
8/12/2020,1.3942,334.942,53826128,9.754
8/13/2020,-0.1808,335.442,41816146,10.059
8/14/2020,0.003,335.896,47260390,9.967
8/17/2020,0.3177,336.364,35480974,9.948
8/18/2020,0.216,337.532,38733908,9.71
8/19/2020,-0.4164,337.49,68054244,9.824
8/20/2020,0.3114,337.78,42207826,9.889
8/21/2020,0.3547,338.308,55106628,9.925
8/24/2020,1.0133,339.31,48588662,9.037
8/25/2020,0.3499,340.406,38463381,6.469
8/26/2020,1.0026,342.474,50790237,7.171
8/27/2020,0.2187,344.484,58034142,6.923
8/28/2020,0.6459,346.704,48588940,7.059
8/31/2020,-0.3623,347.982,66099183,8.171
9/1/2020,0.9419,349.678,54999325,7.259
9/2/2020,1.4464,351.704,69540035,8.706
9/3/2020,-3.4414,351.116,148011129,23.918
9/4/2020,-0.8165,349.514,139156281,23.908
9/8/2020,-2.7323,346.294,114465322,27.921
9/9/2020,1.9747,343.732,91462290,29.842
9/10/2020,-1.7364,338.97,90569548,30.699
9/11/2020,0.0509,336.704,84680194,30.161
9/14/2020,1.3171,335.882,65605686,31.768
9/15/2020,0.5052,337.274,52920862,31.279
9/16/2020,-0.3969,337.08,82211256,29.271
9/17/2020,-0.8795,337.47,91523339,23.693
9/18/2020,-1.1466,336.788,105877942,24.524
9/21/2020,-1.113,334.49,99450829,20.618
9/22/2020,1.0184,332.516,63612107,17.837
9/23/2020,-2.3191,329.28,93112240,19.594
9/24/2020,0.2666,326.812,76681332,19.781
9/25/2020,1.6167,326.428,71069426,20.634
9/28/2020,1.6609,327.872,64584614,22.915
9/29/2020,-0.5446,328.286,51531594,22.971
9/30/2020,0.7582,330.736,104081136,23.106
10/1/2020,0.642,333.444,88698745,21.34
10/2/2020,-0.9494,334.466,89431112,21.021
10/5/2020,1.7733,335.58,45713108,22.266
10/6/2020,-1.4216,336.092,90128883,19.021
10/7/2020,1.7407,337.266,56999597,20.228
10/8/2020,0.8863,338.614,45242476,19.393
10/9/2020,0.893,341.216,59528606,18.331
10/12/2020,1.6088,343.75,80388533,18.303
10/13/2020,-0.6526,346.79,73255513,19.568
10/14/2020,-0.6283,348.224,57958749,20.433
10/15/2020,-0.1236,348.968,60357659,19.154
10/16/2020,-0.0604,349.056,89501868,17.53
10/19/2020,-1.5203,346.972,68425614,17.846
10/20/2020,0.4006,345.622,60051880,15.511
10/21/2020,-0.1893,344.582,63574979,14.773
10/22/2020,0.5485,344.004,55399292,14.181
10/23/2020,0.3395,343.702,49143931,10.51
10/26/2020,-1.848,343.178,91473002,13.699
10/27/2020,-0.3447,342.146,65994108,13.592
10/28/2020,-3.4179,338.932,127094307,21.636
10/29/2020,1.0163,336.006,90597689,23.344
10/30/2020,-1.0425,332.158,120448685,22.834
11/2/2020,1.1208,330.32,86068299,24.055
11/3/2020,1.7656,329.882,93294192,26.8
11/4/2020,2.2349,333.258,126959700,29.682
11/5/2020,1.9503,337.31,82039749,31.511
11/6/2020,-0.0228,342.034,74972973,29.165
11/9/2020,1.2566,346.906,172304203,29.193
11/10/2020,-0.1467,350.508,85552022,17.502
11/11/2020,0.7429,353.134,58649048,17.504
11/12/2020,-0.9701,353.728,68118563,17.247
11/13/2020,1.3844,355.316,62959429,17.422
11/16/2020,1.2483,356.918,74541138,16.819
11/17/2020,-0.5378,358.234,66111009,16.038
11/18/2020,-1.2035,358.156,70591299,16.065
11/19/2020,0.421,359.07,59940947,16.05
11/20/2020,-0.6848,358.516,70411890,15.455
11/23/2020,0.5994,357.494,63230608,15.703
11/24/2020,1.6114,358.014,62415877,17.413
11/25/2020,-0.1542,359.29,45330890,16.121
11/27/2020,0.2785,360.468,28514072,14.749
11/30/2020,-0.4427,361.814,83872709,13.507
12/1/2020,1.0937,363.526,74504969,14.267
12/2/2020,0.2104,364.24,45927000,11.61
12/3/2020,-0.0273,365.046,62881998,11.737
12/4/2020,0.8618,366.282,50749859,10.501
12/7/2020,-0.2055,367.688,48944269,10.997
12/8/2020,0.2926,368.518,42458859,8.044
12/9/2020,-0.8969,368.53,74098312,9.926
12/10/2020,-0.0327,368.538,57735353,9.913
12/11/2020,-0.1173,367.828,57698614,9.485
12/14/2020,-0.4477,366.942,69216174,7.902
12/15/2020,1.3519,366.826,64071099,10.864
12/16/2020,0.1569,367.49,58420517,10.848
12/17/2020,0.5592,368.592,64119472,10.275
12/18/2020,-0.3976,369.168,136542328,11.306
12/21/2020,-0.3575,369.808,96386745,11.306
12/22/2020,-0.1685,369.338,48388462,10.185
12/23/2020,0.0899,368.818,46201402,10.189
12/24/2020,0.389,368.17,26457853,10.32
12/28/2020,0.8591,368.768,39000402,10.521
12/29/2020,-0.1908,369.488,53680451,8.207
12/30/2020,0.1427,370.438,49455259,8.202
12/31/2020,0.5081,371.7,78520702,8.104
1/4/2021,-1.3614,371.658,110210810,10.259
1/5/2021,0.6887,371.49,66426229,10.642
1/6/2021,0.5979,371.908,107997675,10.797
1/7/2021,1.4857,373.33,68766812,12.769
1/8/2021,0.5698,374.806,71677208,12.826
1/11/2021,-0.6741,376.786,51176719,13.538
1/12/2021,0.0211,378.274,52547716,13.39
1/13/2021,0.2693,379.522,45303619,13.384
1/14/2021,-0.3502,379.394,49989113,13.601
1/15/2021,-0.7293,378.282,107159962,11.586
1/19/2021,0.7852,378.274,51233300,11.726
1/20/2021,1.3839,379.298,61836062,13.198
1/21/2021,0.0912,380.188,47955809,11.141
1/22/2021,-0.3539,381.072,52136931,11.119
1/25/2021,0.3944,382.81,70401971,10.314
1/26/2021,-0.1561,383.838,42665281,10.438
1/27/2021,-2.444,381.942,123351078,17.45
1/28/2021,0.86,380.62,94198104,18.207
1/29/2021,-2.002,378.058,126765121,20.951
2/1/2021,1.6645,376.426,75817597,22.68
2/2/2021,1.414,375.978,64450662,22.742
2/3/2021,0.0786,377.466,52427090,22.74
2/4/2021,1.1366,379.178,47142555,23.521
2/5/2021,0.3936,382.706,48669773,23.521
2/8/2021,0.7222,385.562,38365185,23.687
2/9/2021,-0.0666,387.302,35551059,17.638
2/10/2021,-0.0436,388.948,59154370,17.644
2/11/2021,0.1615,389.852,42913288,10.53
2/12/2021,0.494,390.838,50593270,8.412
2/16/2021,-0.0866,391.196,50972366,6.698
2/17/2021,0.0229,391.624,52806681,6.767
2/18/2021,-0.4256,391.752,59712773,5.661
2/19/2021,-0.1766,391.616,83240971,5.628
2/22/2021,-0.7692,390.494,67414170,5.711
2/23/2021,0.1214,389.534,107284127,5.834
2/24/2021,1.1019,389.41,72433946,8.61
2/25/2021,-2.4096,387.732,146670499,15.822
2/26/2021,-0.5153,385.798,152701639,15.22
3/1/2021,2.424,386.308,105348798,21.273
3/2/2021,-0.7803,386.116,79595332,21.589
3/3/2021,-1.3246,384.046,119940211,22.475
3/4/2021,-1.2375,382.92,183433020,23.061
3/5/2021,1.8397,383.574,152039624,25.715
3/8/2021,-0.4979,382.002,123149245,25.76
3/9/2021,1.4277,382.128,113633556,26.324
3/10/2021,0.6225,383.76,109899410,22.459
3/11/2021,1.0139,387.126,86245040,22.354
3/12/2021,0.1347,389.212,64653565,18.735
3/15/2021,0.5964,392.15,73592302,18.008
3/16/2021,-0.1261,393.898,73722506,15.485
3/17/2021,0.341,395.434,97959265,11.891
3/18/2021,-1.455,395.024,115349101,13.797
3/19/2021,-0.1845,394.108,113624490,13.82
3/22/2021,0.7985,393.344,73778646,12.404
3/23/2021,-0.7871,392.062,90686552,12.986
3/24/2021,-0.5083,390.114,97588644,11.638
3/25/2021,0.5626,389.758,116128622,12.213
3/26/2021,1.6115,391.058,114409114,15.005
3/29/2021,-0.0505,391.696,108107626,14.992
3/30/2021,-0.2653,392.742,76262249,14.894
3/31/2021,0.4053,394.504,112734214,12.382
4/1/2021,1.0799,396.686,99682876,12.614
4/5/2021,1.4353,398.762,91684764,13.795
4/6/2021,-0.0591,400.83,62020953,12.247
4/7/2021,0.1157,403.202,55836280,11.032
4/8/2021,0.4747,405.64,57863114,11.035
4/9/2021,0.727,407.816,61104559,9.098
4/12/2021,0.0365,408.872,56704899,8.961
4/13/2021,0.2964,410.22,56550988,7.986
4/14/2021,-0.3415,411.192,61659907,9.191
4/15/2021,1.0742,412.662,60229842,9.178
4/16/2021,0.3342,413.816,82037278,6.856
4/19/2021,-0.4913,414.53,78498496,7.898
4/20/2021,-0.7322,414.392,81851828,9.512
4/21/2021,0.9462,415.316,66792983,10.326
4/22/2021,-0.9133,414.596,97582788,11.354
4/23/2021,1.0842,414.492,73276195,12.701
4/26/2021,0.2088,414.972,52182392,12.674
4/27/2021,-0.0216,416.042,51303056,12.403
4/28/2021,-0.0287,416.308,51238854,11.136
4/29/2021,0.6373,417.866,78544329,11.505
4/30/2021,-0.657,417.978,85527030,11.803
5/3/2021,0.2157,418.096,68128289,10.797
5/4/2021,-0.6169,417.716,101591166,10.381
5/5/2021,0.0313,417.386,60162209,8.828
5/6/2021,0.7986,417.188,74321368,7.882
5/7/2021,0.7278,418.152,67733790,8.646
5/10/2021,-0.9902,418.1,81852446,10.538
5/11/2021,-0.8925,417.818,116887975,11.621
5/12/2021,-2.1245,415.75,134811046,15.114
5/13/2021,1.2013,413.992,106393963,17.198
5/14/2021,1.5355,412.884,82201629,19.483
5/17/2021,-0.2545,412.4,65129221,19.23
5/18/2021,-0.8616,411.946,59810238,19.774
5/19/2021,-0.2622,413.036,106467052,19.016
5/20/2021,1.0758,414.036,78022218,19.653
5/21/2021,-0.0819,413.708,76578662,19.027
5/24/2021,1.0194,414.438,51376702,19.134
5/25/2021,-0.2219,415.698,57451396,13.708
5/26/2021,0.1985,417.34,43088618,12.715
5/27/2021,0.0525,418.142,56707677,10.05
5/28/2021,0.1789,419.162,58520164,9.86
6/1/2021,-0.0881,419.262,54216625,8.055
6/2/2021,0.1573,419.68,49097061,7.561
6/3/2021,-0.3711,419.62,58138763,6.378
6/4/2021,0.9146,420.282,55938789,7.606
6/7/2021,-0.097,420.712,51555032,5.911
6/8/2021,0.0213,421.234,47134279,5.646
6/9/2021,-0.1492,421.498,48436342,5.771
6/10/2021,0.4648,422.466,51020147,6.145
6/11/2021,0.1652,422.808,45570828,6.141
6/14/2021,0.2239,423.422,42358478,6.038
6/15/2021,-0.1834,423.862,51508508,6.292
6/16/2021,-0.5583,423.954,80386082,6.818
6/17/2021,-0.0332,423.626,90949659,4.668
6/18/2021,-1.3447,421.748,118676302,10.145
6/21/2021,1.4316,420.868,72822028,13.381
6/22/2021,0.5346,420.594,57700303,13.695
6/23/2021,-0.1205,420.692,49445414,13.463
6/24/2021,0.5916,421.318,45110288,13.848
6/25/2021,0.3552,423.656,58129525,13.928
6/28/2021,0.2016,424.978,53159581,13.885
6/29/2021,0.0538,425.896,35970515,13.35
6/30/2021,0.0842,426.988,64827858,13.314
7/1/2021,0.5537,428.054,53441027,7.327
7/2/2021,0.7644,429.476,57697668,4.773
7/6/2021,-0.1821,430.568,68710419,5.323
7/7/2021,0.3534,431.92,63549456,4.822
7/8/2021,-0.8148,432.492,97595232,7.395
7/9/2021,1.0675,433.51,76238584,8.859
7/12/2021,0.3582,434.182,52889585,8.883
7/13/2021,-0.3409,434.714,52911312,9.401
7/14/2021,0.1492,435.07,64130352,9.381
7/15/2021,-0.3416,435.836,55126358,9.552
7/16/2021,-0.7844,435,75874662,9.75
7/19/2021,-1.4768,432.578,147987000,12.433
7/20/2021,1.433,431.672,99608174,15.051
7/21/2021,0.8096,431.334,64724389,15.02
7/22/2021,0.2094,431.476,47878539,13.889
7/23/2021,1.0288,433.196,63766637,14.875
7/26/2021,0.2455,436.406,43719187,14.678
7/27/2021,-0.4558,437.996,67397137,15.02
7/28/2021,-0.041,438.852,52472360,14.837
7/29/2021,0.4147,439.89,47435342,13.865
7/30/2021,-0.4856,439.604,68951202,10.437
8/2/2021,-0.2098,438.918,58783297,8.481
8/3/2021,0.8135,439.346,58053896,8.491
8/4/2021,-0.4919,439.376,46732212,9.189
8/5/2021,0.6333,439.598,38969659,8.067
8/6/2021,0.1652,440.394,46930008,8.014
8/9/2021,-0.0814,441.302,41222585,7.499
8/10/2021,0.1244,441.608,43339275,7.466
8/11/2021,0.2485,442.568,44034340,7.289
8/12/2021,0.2997,443.238,38942418,6.487
8/13/2021,0.182,443.924,39470251,6.078
8/16/2021,0.2355,444.892,73930864,4.903
8/17/2021,-0.6555,445.164,92673933,5.626
8/18/2021,-1.0945,444.244,89351931,7.847
8/19/2021,0.1548,443.194,92812246,7.837
8/20/2021,0.7957,442.682,72008712,9.09
8/23/2021,0.8796,442.74,54973038,10.174
8/24/2021,0.1587,443.526,38744714,10.147
8/25/2021,0.2098,445.472,40529711,10.102
8/26/2021,-0.5903,446.752,57829572,10.722
8/27/2021,0.8941,448.13,77235113,11.705
8/30/2021,0.4398,449.124,48357355,10.912
8/31/2021,-0.1482,449.842,59300213,8.036
9/1/2021,0.0531,450.42,48721378,8.117
9/2/2021,0.3077,451.806,42830867,7.555
9/3/2021,-0.0243,452.372,47234364,6.596
9/7/2021,-0.3576,452.218,51671534,7.122
9/8/2021,-0.1218,452.088,56181907,7.158
9/9/2021,-0.428,451.524,57970407,6.723
9/10/2021,-0.7885,449.974,89948174,6.081
9/13/2021,0.2559,448.674,83738649,5.595
9/14/2021,-0.5397,447.216,78197140,5.998
9/15/2021,0.8353,446.61,78792222,8.091
9/16/2021,-0.1585,446.248,77786735,7.714
9/17/2021,-0.971,445.44,118425037,9.804
9/20/2021,-1.6674,442.932,166445534,12.352
9/21/2021,-0.0945,440.824,92526112,12.375
9/22/2021,0.9755,438.82,102350143,14.499
9/23/2021,1.215,438.022,76395981,16.095
9/24/2021,0.1647,438.524,62094837,16.045
9/27/2021,-0.2861,440.244,61371108,15.857
9/28/2021,-2.0152,440.262,130436306,18.078
9/29/2021,0.1683,439.58,82329213,18.279
9/30/2021,-1.2222,436.772,140505979,18.162
10/1/2021,1.1884,434.838,129240106,17.663
10/4/2021,-1.2896,432.038,128569957,19.016
10/5/2021,1.0405,431.914,90682520,19.14
10/6/2021,0.4156,432.004,113032245,17.776
10/7/2021,0.8646,433.908,72437499,18.626
10/8/2021,-0.1824,434.632,74557404,18.607
10/11/2021,-0.724,435.842,65233285,15.256
10/12/2021,-0.2462,435.946,71181163,15.292
10/13/2021,0.3598,436.002,72973979,13.49
10/14/2021,1.6821,436.77,70236825,14.875
10/15/2021,0.7616,438.372,66260210,11.915
10/18/2021,0.2961,440.872,62213228,11.36
10/19/2021,0.7715,444.276,46996827,11.577
10/20/2021,0.3928,447.722,49571569,11.233
10/21/2021,0.2608,449.94,41305438,10.803
10/22/2021,-0.1036,451.39,58845088,9.09
10/25/2021,0.5363,453.062,45214507,8.019
10/26/2021,0.09,454.126,56075116,8.349
10/27/2021,-0.443,454.432,72437997,6.382
10/28/2021,0.9649,455.378,51437944,6.938
10/29/2021,0.2029,456.604,70162424,6.96
11/1/2021,0.172,457.502,48433642,6.355
11/2/2021,0.4043,458.69,48908417,6.365
11/3/2021,0.6105,460.846,52509825,6.685
11/4/2021,0.4713,462.564,52847087,6.347
11/5/2021,0.347,464.42,66390563,6.233
11/8/2021,0.0854,466.198,50405194,6.238
11/9/2021,-0.3305,467.294,51149147,5.808
11/10/2021,-0.8045,467.074,69429653,7.137
11/11/2021,0.0324,466.446,34848495,7.138
11/12/2021,0.7547,466.194,53466654,7.94
11/15/2021,0.0342,465.894,46980500,7.839
11/16/2021,0.3958,466.274,48857502,7.494
11/17/2021,-0.2429,467.178,47858289,7.355
11/18/2021,0.3396,468.37,50625607,7.344
11/19/2021,-0.1788,468.694,57315573,7.415
11/22/2021,-0.2815,468.722,72761954,7.348
11/23/2021,0.1326,468.504,73206538,5.468
11/24/2021,0.267,468.764,61858813,5.506
11/26/2021,-2.2303,466.612,112669636,13.077
11/29/2021,1.2267,465.754,86268818,15.151
11/30/2021,-1.9458,463.352,148559598,17.875
12/1/2021,-1.1107,459.814,132485835,18.348
12/2/2021,1.5316,457.406,127637758,20.874
12/3/2021,-0.8701,456.296,137331647,21.081
12/6/2021,1.1843,455.134,98977532,22.684
12/7/2021,2.0685,457.678,95484688,25.752
12/8/2021,0.2648,461.482,72238777,25.752
12/9/2021,-0.6752,463.272,61272568,22.44
12/10/2021,0.9414,466.736,77159757,22.062
12/13/2021,-0.8858,468.292,87724680,19.303
12/14/2021,-0.688,467.308,97264128,18.426
12/15/2021,1.5625,467.524,116899251,18.492
12/16/2021,-0.8819,467.544,116568626,18.516
12/17/2021,-1.0598,465.37,135636510,19.804
12/20/2021,-1.0633,463.052,107134822,16.227
12/21/2021,1.7759,462.992,69806260,19.616
12/22/2021,0.9999,462.41,58890223,20.216
12/23/2021,0.6222,463.24,56439745,19.823
12/27/2021,1.4152,466.718,56808619,20.32
12/28/2021,-0.0817,471.096,47274585,19.655
12/29/2021,0.1279,473.98,54502964,18.192
12/30/2021,-0.2765,475.674,55329041,17.327
12/31/2021,-0.252,476.546,65237431,14.641
1/3/2022,0.579,476.636,72668233,11.827
1/4/2022,-0.0335,476.772,71178678,9.526
1/5/2022,-1.9202,474.952,104538940,14.662
1/6/2022,-0.0939,473.308,86858900,14.201
1/7/2022,-0.3953,471.534,85111593,11.113
1/10/2022,-0.1244,469.094,119361989,11.092
1/11/2022,0.9108,467.534,74303062,12.673
1/12/2022,0.2704,468.062,67605444,12.878
1/13/2022,-1.3779,467.38,91173121,14.587
1/14/2022,0.0409,467.106,95890948,13.87
1/18/2022,-1.771,465.302,109872376,15.814
1/19/2022,-1.0384,461.702,109357569,13.769
1/20/2022,-1.1068,456.848,122379696,14.114
1/21/2022,-1.9631,451.538,202271241,16.114
1/24/2022,0.4247,446.562,252496719,16.986
1/25/2022,-1.2209,442.158,167997325,14.385
1/26/2022,-0.2509,438.484,186391088,13.276
1/27/2022,-0.4938,435.382,149878307,13.132
1/28/2022,2.4835,436.176,164457370,21.829
1/31/2022,1.8011,438.19,152251425,23.661
2/1/2022,0.6757,441.886,123155382,23.378
2/2/2022,0.9714,446.68,117360953,22.739
2/3/2022,-2.3505,449.752,118024442,24.069
2/4/2022,0.4702,451.102,118454352,24.083
2/7/2022,-0.3209,450.572,84472859,22.765
2/8/2022,0.8228,450.17,81012036,22.616
2/9/2022,1.4636,450.208,92589929,22.417
2/10/2022,-1.7966,450.752,140103712,23.031
2/11/2022,-1.9719,449.104,153214597,23.439
2/14/2022,-0.3269,447.456,123006262,22.785
2/15/2022,1.6127,446.488,88659503,24.183
2/16/2022,0.1121,444.3,84863585,20.585
2/17/2022,-2.1361,441.848,102259108,23.306
2/18/2022,-0.6475,440.602,132642896,23.386
2/22/2022,-1.0732,438.712,124391830,22.569
2/23/2022,-1.7739,433.882,132578005,19.829
2/24/2022,1.5049,430.222,213942946,22.645
2/25/2022,2.2064,430.36,121804459,24.904
2/28/2022,-0.2559,430.84,145615029,24.883
3/1/2022,-1.523,430.922,137785908,23.763
3/2/2022,1.8396,434.11,117726525,26.593
3/3/2022,-0.4978,435.592,105501715,24.029
3/4/2022,-0.8125,434.476,114083256,24.183
3/7/2022,-2.9479,431.036,137896560,28.604
3/8/2022,-0.7582,428.29,164772744,27.328
3/9/2022,2.6811,426.194,116990765,30.139
3/10/2022,-0.4516,424.148,93972655,27.041
3/11/2022,-1.2715,421.728,95636277,27.522
3/14/2022,-0.7308,421.242,95729188,26.804
3/15/2022,2.199,423.226,106219117,27.778
3/16/2022,2.2174,424.868,144954805,30.764
3/17/2022,1.2511,427.986,102676870,30.984
3/18/2022,1.0919,432.876,106345544,24.122
3/21/2022,-0.0292,438.354,88349763,23.031
3/22/2022,1.1701,443.038,74650394,20.224
3/23/2022,-1.2878,444.674,79426098,22.028
3/24/2022,1.5074,446.558,64736892,19.81
3/25/2022,0.4884,448.192,77101324,17.766
3/28/2022,0.7113,450.496,68529767,16.043
3/29/2022,1.2371,452.888,86581542,13.921
3/30/2022,-0.6175,455.868,79666942,14.875
3/31/2022,-1.5391,456.098,121699948,18.058
4/1/2022,0.2834,456.144,89048773,18.02
4/4/2022,0.8567,456.322,59601000,17.558
4/5/2022,-1.2631,454.218,74214501,17.491
4/6/2022,-0.9999,451.782,106897970,16.51
4/7/2022,0.5039,451.208,78097214,16.528
4/8/2022,-0.2674,450.138,79272711,15.799
4/11/2022,-1.7092,446.762,89770538,15.04
4/12/2022,-0.3705,444.214,84363635,15.053
4/13/2022,1.1454,443.572,74070394,15.901
4/14/2022,-1.2452,441.376,97869451,16.495
4/18/2022,0.0411,439.456,66002498,15.04
4/19/2022,1.6143,440.48,77821013,17.736
4/20/2022,-0.0742,441.764,65224449,16.964
4/21/2022,-1.4954,440.714,85417327,18.245
4/22/2022,-2.7439,438.364,132471772,22.703
4/25/2022,0.5798,436.472,119647748,22.193
4/26/2022,-2.8961,430.684,103996312,26.385
4/27/2022,0.2812,425.196,122029990,24.935
4/28/2022,2.5259,423.146,105449088,29.767
4/29/2022,-3.6956,420.338,145491088,35.088
5/2/2022,0.6019,417.532,158312526,33.342
5/3/2022,0.4584,417.588,100028190,33.832
5/4/2022,3.0453,419.946,144247895,38.784
5/5/2022,-3.5543,417.146,172929106,40.782
5/6/2022,-0.5969,417.014,151770811,40.426
5/9/2022,-3.2017,413.752,155586067,41.085
5/10/2022,0.2311,410.294,132497200,41.056
5/11/2022,-1.5886,403.032,142360992,37.072
5/12/2022,-0.1044,398.738,125090753,33.038
5/13/2022,2.3908,396.814,104174421,36.225
5/16/2022,-0.4058,397.198,78622444,35.897
5/17/2022,2.057,399.044,83029710,33.163
5/18/2022,-4.0312,398.866,117674545,34.724
5/19/2022,-0.6125,398.29,98510715,34.724
5/20/2022,0.0437,395.872,131432197,30.863
5/23/2022,1.871,395.238,76414878,32.839
5/24/2022,-0.7634,392.352,91448831,31.858
5/25/2022,0.8835,393.454,91472866,32.158
5/26/2022,1.9981,396.624,82168339,31.352
5/27/2022,2.4549,401.75,84768710,33.49
5/31/2022,-0.5611,404.952,95936980,32.289
6/1/2022,-0.8089,408.092,86585813,21.157
6/2/2022,1.9043,412.096,79609633,21.178
6/3/2022,-1.6412,413.142,71874281,24.738
6/6/2022,0.3045,412.448,57508858,23.519
6/7/2022,0.9592,413.01,59272373,22.523
6/8/2022,-1.0872,413.336,64349966,24.162
6/9/2022,-2.3783,410.146,86289796,26.153
6/10/2022,-2.8996,405.998,132893864,25.159
6/13/2022,-3.7968,398.64,170004861,30.314
6/14/2022,-0.3013,390.266,104011831,30.578
6/15/2022,1.4256,383.862,125666797,29.2
6/16/2022,-3.3096,376.904,134473288,31.665
6/17/2022,0.2146,372.116,111113904,30.948
6/21/2022,2.5174,372.13,76811861,35.375
6/22/2022,-0.1813,372.234,90059424,35.755
6/23/2022,0.9803,372.006,79292135,36.179
6/24/2022,3.1794,376.692,98050333,38.418
6/27/2022,-0.382,381.238,66009617,30.789
6/28/2022,-2.0433,382.354,86689824,33.431
6/29/2022,-0.0814,383.544,65675999,32.62
6/30/2022,-0.8124,383.382,112508273,26.24
7/1/2022,1.0577,381.614,74839729,26.289
7/5/2022,0.1889,380.288,81437965,23.252
7/6/2022,0.3377,380.808,70426244,23.141
7/7/2022,1.4977,382.538,64525919,23.808
7/8/2022,-0.0823,384.822,72397765,16.659
7/11/2022,-1.1424,385.42,58366945,17.65
7/12/2022,-0.8849,385.194,62219178,14.258
7/13/2022,-0.5252,384.31,84224649,14.544
7/14/2022,-0.2429,382.094,89704819,13.866
7/15/2022,1.9105,381.386,79060383,16.404
7/18/2022,-0.8257,380.93,63203626,17.146
7/19/2022,2.7019,383.218,78505972,22.4
7/20/2022,0.6373,386.406,71843769,21.325
7/21/2022,1.0183,390.582,64903856,21.723
7/22/2022,-0.9278,392.574,72197332,21.284
7/25/2022,0.1215,395.298,53631485,20.095
7/26/2022,-1.1831,395.022,52946393,21.388
7/27/2022,2.5966,396.276,82342106,24.023
7/28/2022,1.2542,397.732,73966563,23.182
7/29/2022,1.4579,401.112,87003672,21.85
8/1/2022,-0.2961,404.152,69997471,19.482
8/2/2022,-0.6597,407.586,63435418,20.439
8/3/2022,1.5659,410.268,67820555,21.187
8/4/2022,-0.0676,411.888,45656574,19.851
8/5/2022,-0.169,412.184,56814929,20.102
8/8/2022,-0.1161,412.628,54025965,17.889
8/9/2022,-0.3971,413.286,44931772,14.055
8/10/2022,2.1004,414.394,68665712,16.423
8/11/2022,0,415.558,59489704,15.142
8/12/2022,1.6929,418.284,61694542,16.628
8/15/2022,0.4121,421.458,54048280,15.277
8/16/2022,0.1959,425.128,59289039,14.081
8/17/2022,-0.7098,426.46,63563394,15.164
8/18/2022,0.2906,428.04,49023206,14.87
8/19/2022,-1.3438,427.048,68016902,17.472
8/22/2022,-2.0822,423.946,77695640,21.46
8/23/2022,-0.2419,420.476,49105249,17.626
8/24/2022,0.3201,417.88,49177804,17.829
8/25/2022,1.4118,416.204,50942252,16.937
8/26/2022,-3.3849,412.838,103086976,23.731
8/29/2022,-0.6612,410.694,65370810,23.206
8/30/2022,-1.0978,407.866,85652443,23.295
8/31/2022,-0.7609,404.168,76029671,22.413
9/1/2022,0.3138,399.55,78740084,23.059
9/2/2022,-1.0544,396.936,99632149,21.629
9/6/2022,-0.3773,394.562,76637400,21.572
9/7/2022,1.7965,394.476,70964232,24.781
9/8/2022,0.6536,395.516,80821681,23.254
9/9/2022,1.5535,397.552,76706918,17.633
9/12/2022,1.0748,401.298,69256262,17.859
9/13/2022,-4.3482,401.766,122947081,30.509
9/14/2022,0.3816,401.13,85023747,30.373
9/15/2022,-1.1353,399.078,87633840,30.863
9/16/2022,-0.7597,394.87,103084819,30.976
9/19/2022,0.7755,390.386,73278490,31.365
9/20/2022,-1.1479,388.584,77274882,29.68
9/21/2022,-1.7444,385.142,106746554,29.762
9/22/2022,-0.84,381.962,89472641,26.632
9/23/2022,-1.6755,378.44,122346933,23.918
9/26/2022,-0.9893,373.592,92581244,13.947
9/27/2022,-0.2553,369.45,108294074,12.47
9/28/2022,1.9676,368.078,110802217,19.647
9/29/2022,-2.0889,365.792,112952315,21.165
9/30/2022,-1.5463,363.638,153711243,19.631
10/3/2022,2.6401,364.098,89756479,27.209
10/4/2022,3.0987,367.016,103602775,31.947
10/5/2022,-0.2328,368.328,88065669,31.578
10/6/2022,-1.0316,370.41,82333543,30.565
10/7/2022,-2.7894,371.532,107789498,34.188
10/10/2022,-0.7635,370.214,76042765,34.399
10/11/2022,-0.6333,366.168,92482785,32.118
10/12/2022,-0.3298,362.062,76991799,30.398
10/13/2022,2.6391,360.616,147254518,32.482
10/14/2022,-2.2789,359.584,123737013,31.722
10/17/2022,2.5697,360.944,93168231,30.044
10/18/2022,1.175,363.622,97162850,31.12
10/19/2022,-0.7086,366.01,79746863,30.876
10/20/2022,-0.8385,365.898,88283087,26.836
10/21/2022,2.4301,369.23,131038379,28.909
10/24/2022,1.2237,371.64,85436907,28.396
10/25/2022,1.5969,374.398,78846348,28.139
10/26/2022,-0.7534,377.102,104087348,27.108
10/27/2022,-0.534,380.016,81971756,22.478
10/28/2022,2.3791,382.962,100301958,21.994
10/31/2022,-0.7223,384.43,96631258,22.888
11/1/2022,-0.4376,384.35,85407598,22.485
11/2/2022,-2.5096,382.92,126990356,27.097
11/3/2022,-1.0297,381.126,87100115,24.546
11/4/2022,1.4393,378.592,103505182,24.94
11/7/2022,0.9566,377.34,68286947,23.778
11/8/2022,0.5395,376.836,84641062,23.713
11/9/2022,-2.0602,376.688,78495470,26.175
11/10/2022,5.4954,381.424,141455847,37.905
11/11/2022,0.9678,385.856,93839872,37.708
11/14/2022,-0.8507,388.89,71893165,38.055
11/15/2022,0.8529,392.188,93194452,33.964
11/16/2022,-0.7629,396.452,68508454,33.55
11/17/2022,-0.306,396.362,74496255,33.636
11/18/2022,0.454,395.866,92922451,33.533
11/21/2022,-0.3636,395.76,51243189,33.814
11/22/2022,1.3457,396.042,60429025,30.633
11/23/2022,0.6302,397.436,68261628,12.951
11/25/2022,-0.0224,399.054,30545434,12.161
11/28/2022,-1.5957,399.03,68021749,14.54
11/29/2022,-0.1718,399.158,52310039,13.661
11/30/2022,3.1501,400.714,144566653,21.193
12/1/2022,-0.0736,401.706,76398170,20.998
12/2/2022,-0.1154,402.622,85342731,21.142
12/5/2022,-1.7989,403.358,77289815,23.887
12/6/2022,-1.4415,403.078,77972217,24.048
12/7/2022,-0.1701,400.174,65927896,23.565
12/8/2022,0.7834,397.946,60737912,24.212
12/9/2022,-0.747,395.22,81447733,22.961
12/12/2022,1.4417,395.092,75405835,24.316
12/13/2022,0.757,396.72,123782534,17.121
12/14/2022,-0.6394,397.968,108111349,17.302
12/15/2022,-2.4462,396.646,117705889,21.081
12/16/2022,-1.1751,394.644,119857952,20.75
12/19/2022,-0.848,390.858,79878103,20.059
12/20/2022,0.1368,386.572,74427240,20.239
12/21/2022,1.4952,383.938,78167369,21.822
12/22/2022,-1.4266,382.156,100120855,22.597
12/23/2022,0.5752,382.084,59857329,20.784
12/27/2022,-0.3943,382.36,51638180,19.487
12/28/2022,-1.2428,381.584,70911520,19.818
12/29/2022,1.8,381.026,66970877,20.29
12/30/2022,-0.2634,381.368,84022205,18.303
1/3/2023,-0.421,380.95,74850731,17.811
1/4/2023,0.772,381.422,85934098,18.26
1/5/2023,-1.1413,381.966,76970456,17.195
1/6/2023,2.2932,382.894,104189603,19.848
1/9/2023,-0.0567,383.98,73978071,19.765
1/10/2023,0.7013,385.932,65358094,19.672
1/11/2023,1.2648,388.284,68881080,17.937
1/12/2023,0.3641,391.8,90157699,16.291
1/13/2023,0.3879,393.884,63903932,15.818
1/17/2023,-0.1832,395.866,62677281,15.434
1/18/2023,-1.5788,396.048,99632262,18.853
1/19/2023,-0.728,394.672,86958919,17.981
1/20/2023,1.8629,394.456,91806356,16.543
1/23/2023,1.1999,394.882,84178797,17.21
1/24/2023,-0.1073,395.368,59524911,17.24
1/25/2023,0.0375,397.14,84800251,16.186
1/26/2023,1.099,400.362,72287425,16.976
1/27/2023,0.2298,402.322,68346180,16.946
1/30/2023,-1.2547,402.314,74202018,18.644
1/31/2023,1.4703,403.57,86811786,16.892
2/1/2023,1.0628,405.66,101459155,15.629
2/2/2023,1.4557,408.066,101654463,14.727
2/3/2023,-1.0629,409.4,94736781,16.532
2/6/2023,-0.6111,411.248,60295325,17.168
2/7/2023,1.3079,412.99,90990745,17.949
2/8/2023,-1.0935,412.96,76227462,19.05
2/9/2023,-0.8669,411.022,78694859,19.823
2/10/2023,0.2334,410.16,70769715,18.195
2/13/2023,1.1739,410.76,64913539,17.598
2/14/2023,-0.046,410.25,88389313,16.775
2/15/2023,0.3247,410.916,61685279,14.697
2/16/2023,-1.3769,411.154,76431469,15.474
2/17/2023,-0.2498,410.998,89257815,15.212
2/21/2023,-2.0061,408.25,82655924,15.967
2/22/2023,-0.1378,405.43,83742293,15.505
2/23/2023,0.5319,402.766,96242399,15.751
2/24/2023,-1.0682,400.386,108194413,16.206
2/27/2023,0.3406,398.48,80444736,14.224
2/28/2023,-0.3696,397.914,96438567,14.057
3/1/2023,-0.3836,397.154,99706823,13.284
3/2/2023,0.7777,396.584,85404726,13.817
3/3/2023,1.6038,398.146,90119952,17.13
3/6/2023,0.0693,399.494,72795946,12.479
3/7/2023,-1.5329,399.896,108310596,15.463
3/8/2023,0.1632,400.732,74746632,15.171
3/9/2023,-1.845,399.482,111945322,17.34
3/10/2023,-1.4429,395.826,189252996,18.388
3/13/2023,-0.1425,392.004,157789967,18.414
3/14/2023,1.653,390.696,149752357,21.157
3/15/2023,-0.6254,388.768,172996933,20.641
3/16/2023,1.7545,389.678,143753940,21.079
3/17/2023,-1.1648,390.494,140553411,22.129
3/20/2023,0.9616,392.17,93055783,22.027
3/21/2023,1.313,393.606,91524248,23.331
3/22/2023,-1.7046,394.172,111746583,22.971
3/23/2023,0.2703,393.584,119351319,21.187
3/24/2023,0.6562,394.736,107770124,21.192
3/27/2023,0.187,395.286,74010408,19.575
3/28/2023,-0.2245,394.624,62871680,19.182
3/29/2023,1.4535,396.472,77497876,18.451
3/30/2023,0.5855,398.578,69840049,15.357
3/31/2023,1.4095,401.306,112062624,16.062
4/3/2023,0.3811,404.198,67391097,15.176
4/4/2023,-0.5548,406.812,66601534,10.698
4/5/2023,-0.2618,408.062,65200243,11.366
4/6/2023,0.3901,409.16,63743345,11.262
4/10/2023,0.1026,409.204,63681042,11.316
4/11/2023,0.0269,408.958,59297945,10.968
4/12/2023,-0.4076,408.834,86420379,9.62
4/13/2023,1.3283,410.008,85814754,11.283
4/14/2023,-0.2443,410.662,78161500,9.177
4/17/2023,0.3588,411.528,66436399,9.155
4/18/2023,0.0652,412.426,63559997,8.321
4/19/2023,-0.0169,413.644,55227330,8.026
4/20/2023,-0.5457,413.326,75840359,8.764
4/21/2023,0.0777,413.274,73457422,8.763
4/24/2023,0.1043,413.012,64332095,8.76
4/25/2023,-1.5874,411.386,97766721,12.47
4/26/2023,-0.4236,409.43,80447049,9.364
4/27/2023,1.9908,409.536,92968369,15.164
4/28/2023,0.8535,410.282,89433137,15.762
5/1/2023,-0.101,410.858,62122254,15.783
5/2/2023,-1.1239,411.81,103998484,16.99
5/3/2023,-0.6864,412.542,91531769,17.13
5/4/2023,-0.7083,411.086,94901863,17.38
5/5/2023,1.8513,410.426,87891791,20.54
5/8/2023,0.0267,409.872,50046768,18.142
5/9/2023,-0.4385,409.89,49220119,18.158
5/10/2023,0.4672,410.856,96142922,14.827
5/11/2023,-0.1744,412.256,70157064,13.941
5/12/2023,-0.131,412.048,70481548,13.942
5/15/2023,0.345,412.102,54289383,12.608
5/16/2023,-0.6683,411.966,57705495,12.573
5/17/2023,1.2139,412.442,87286957,12.967
5/18/2023,0.9633,413.862,97177195,10.073
5/19/2023,-0.1455,415.268,103793317,10.198
5/22/2023,0.0406,416.424,60745399,9.594
5/23/2023,-1.1223,417.192,86383493,11.791
5/24/2023,-0.7245,416.364,89213678,12.462
5/25/2023,0.866,415.448,90961606,13.31
5/26/2023,1.2951,415.728,93829975,14.794
5/30/2023,0.0381,416.006,72215960,13.924
5/31/2023,-0.5545,416.758,110811780,13.26
6/1/2023,0.9501,418.904,88865018,13.232
6/2/2023,1.4461,421.558,91426171,15.011
6/5/2023,-0.1916,422.974,70316043,15.165
6/6/2023,0.2177,424.544,64022175,12.824
6/7/2023,-0.3458,426.284,85373275,11.897
6/8/2023,0.6049,427.746,61952842,11.656
6/9/2023,0.1794,428.142,85647268,10.302
6/12/2023,0.9072,429.482,76256703,10.741
6/13/2023,0.6593,431.208,95899704,9.278
6/14/2023,0.1191,433.334,100612080,9.017
6/15/2023,1.2398,436.028,110303091,8.292
6/16/2023,-0.3393,437.94,114165849,9.784
6/20/2023,-0.5188,438.616,76160359,10.78
6/21/2023,-0.5124,438.272,76982251,11.106
6/22/2023,0.361,438.138,70637175,10.906
6/23/2023,-0.756,436.26,92074537,12.041
6/26/2023,-0.4086,434.656,72823560,11.18
6/27/2023,1.0963,434.454,72813699,12.273
6/28/2023,0.0504,434.744,75635976,12.254
6/29/2023,0.3941,435.064,67882304,10.111
6/30/2023,1.1801,437.078,104964019,11.469
7/3/2023,0.1151,439.548,32793378,10.851
7/5/2023,-0.1487,440.94,58418432,10.269
7/6/2023,-0.7831,441.594,80658302,11.49
7/7/2023,-0.2525,441.682,86134178,10.575
7/10/2023,0.2531,440.958,62443501,10.05
7/11/2023,0.6369,440.692,64463752,8.996
7/12/2023,0.8046,441.27,91924527,9.587
7/13/2023,0.7937,443.25,72425241,10.018
7/14/2023,-0.0623,445.396,69815823,8.56
7/17/2023,0.3472,447.632,52680221,8.62
7/18/2023,0.7431,449.978,80744448,8.855
7/19/2023,0.2224,451.814,65891688,6.19
7/20/2023,-0.6634,452.338,70591642,7.77
7/21/2023,0,452.918,71275618,7.979
7/24/2023,0.4467,453.59,54023382,7.792
7/25/2023,0.273,453.84,55191240,7.159
7/26/2023,0.0154,453.902,71052885,6.363
7/27/2023,-0.663,453.964,92194375,7.691
7/28/2023,0.979,454.912,80011790,9.025
7/31/2023,0.1904,455.63,62040449,8.309
8/1/2023,-0.2862,455.838,55502199,8.489
8/2/2023,-1.3911,454.762,93933369,10.999
8/3/2023,-0.2866,454.032,64419692,11.065
8/4/2023,-0.4523,452.01,100128902,10.72
8/7/2023,0.8729,450.594,58357464,11.951
8/8/2023,-0.4349,449.048,71361324,12.036
8/9/2023,-0.6685,448.172,78789575,12.043
8/10/2023,0.0359,447.586,93005495,10.044
8/11/2023,-0.0583,447.354,68690902,9.758
8/14/2023,0.552,446.834,47867441,10.775
8/15/2023,-1.1649,445.662,75707534,9.991
8/16/2023,-0.7338,444.44,80107206,10.43
8/17/2023,-0.762,442.516,95711315,10.775
8/18/2023,0.0481,440.686,98851960,8.665
8/21/2023,0.6506,438.932,68718957,10.169
8/22/2023,-0.2709,437.984,65062861,9.835
8/23/2023,1.1138,438.662,68441021,12.071
8/24/2023,-1.3859,438.782,88517272,14.007
8/25/2023,0.705,439.476,102325103,14.3
8/28/2023,0.6341,440.16,61595393,13.601
8/29/2023,1.4455,442.362,83081916,14.755
8/30/2023,0.4119,443.958,69053911,13.454
8/31/2023,-0.1463,446.65,66084563,13.644
9/1/2023,0.1865,448.894,58944098,13.537
9/5/2023,-0.4322,450.19,55166210,13.784
9/6/2023,-0.6722,449.602,70758512,13.624
9/7/2023,-0.307,448.37,70355426,10.745
9/8/2023,0.1506,447.404,62068437,10.308
9/11/2023,0.6577,446.856,60180118,10.345
9/12/2023,-0.5486,446.206,67565422,7.348
9/13/2023,0.1166,446.264,60199272,6.865
9/14/2023,0.8622,447.366,83430814,8.603
9/15/2023,-1.2006,446.936,111848859,11.89
9/18/2023,0.0586,445.972,55752213,11.863
9/19/2023,-0.2074,445.316,66514648,11.436
9/20/2023,-0.9193,443.742,82562602,12.27
9/21/2023,-1.6528,439.948,104095826,14.482
9/22/2023,-0.2249,437.358,100829684,13.195
9/25/2023,0.4205,435.078,70874534,13.976
9/26/2023,-1.4691,431.712,96168436,14.858
9/27/2023,0.0399,429.194,104705847,12.902
9/28/2023,0.5797,428.62,92258308,12.926
9/29/2023,-0.2427,428.032,115111319,12.694
10/2/2023,-0.0398,427.048,83798599,12.813
10/3/2023,-1.3386,426.19,103760607,13.564
10/4/2023,0.7282,425.912,87452968,12.596
10/5/2023,-0.0377,425.108,70142744,12.611
10/6/2023,1.1873,425.52,113273309,14.287
10/9/2023,0.6402,426.516,80374362,11.812
10/10/2023,0.5205,429.106,78607268,11.926
10/11/2023,0.4096,431.438,62451736,11.794
10/12/2023,-0.6096,433.27,81154230,12.395
10/13/2023,-0.4981,433.662,95201132,12.872
10/16/2023,1.0521,434.412,75433194,10.232
10/17/2023,-0.0046,434.708,75324708,10.171
10/18/2023,-1.3325,433.486,93559798,13.439
10/19/2023,-0.8786,432.04,121322957,12.852
10/20/2023,-1.2288,429.978,123919874,13.383
10/23/2023,-0.1733,426.862,92035095,12.513
10/24/2023,0.7539,424.384,78564239,13.311
10/25/2023,-1.4352,421.852,94223198,14.583
10/26/2023,-1.1975,419.076,115156761,15.187
10/27/2023,-0.4533,416.974,107367671,12.039
10/30/2023,1.1956,416,86562675,15.406
10/31/2023,0.628,414.914,79665150,15.678
11/1/2023,1.0665,415.936,98068115,16.827
11/2/2023,1.9164,419.578,94938909,18.309
11/3/2023,0.9123,424.38,100167775,18.419
11/6/2023,0.23,428.4,67831660,18.281
11/7/2023,0.2846,432.146,64256114,14.934
11/8/2023,0.0732,435.064,61746027,11.326
11/9/2023,-0.7799,435.68,83174417,12.446
11/10/2023,1.5605,436.864,89558054,13.122
11/13/2023,-0.0953,437.764,52236068,13.723
11/14/2023,1.9401,440.124,97176935,15.402
11/15/2023,0.2117,442.61,77327573,13.572
11/16/2023,0.1223,445.888,66665797,13.418
11/17/2023,0.1244,447.924,83193902,13.471
11/20/2023,0.7698,450.738,70055633,13.61
11/21/2023,-0.2179,451.646,49244639,13.946
11/22/2023,0.3861,452.714,59446573,12.004
11/24/2023,0.0615,453.728,29737375,10.464
11/27/2023,-0.1801,454.466,50505985,10.594
11/28/2023,0.099,454.6,62115011,4.756
11/29/2023,-0.0703,454.868,63145992,4.882
11/30/2023,0.3937,455.144,79752700,5.096
12/1/2023,0.5916,455.904,89183400,5.605
12/4/2023,-0.5249,456.346,72430888,5.686
12/5/2023,-0.0197,456.68,69793469,5.467
12/6/2023,-0.403,456.71,69124685,5.682
12/7/2023,0.763,457.076,66995446,7.033
12/8/2023,0.4299,457.296,83194404,7.087
12/11/2023,0.389,458.356,65002247,7.204
12/12/2023,0.4567,459.856,68327617,7.186
12/13/2023,1.379,463.004,93277960,9.464
12/14/2023,0.3209,465.76,119026049,9.341
12/15/2023,-0.164,467.586,141553673,9.468
12/18/2023,0.5625,469.582,70375285,9.337
12/19/2023,0.6081,471.73,55761805,8.124
12/20/2023,-1.3857,471.282,102920959,12.688
12/21/2023,0.9482,471.42,86667465,13.227
12/22/2023,0.201,472.284,67160419,13.223
12/26/2023,0.4223,473.02,55386952,13.21
12/27/2023,0.1808,473.354,68000311,11.428
12/28/2023,0.0378,475.04,77158116,11.385
12/29/2023,-0.2895,475.562,122283149,10.933
1/2/2024,-0.5596,475.362,123007793,11.192
1/3/2024,-0.8167,473.99,103585866,11.371
1/4/2024,-0.3221,472.144,84232169,8.671
1/5/2024,0.137,470.39,86118913,6.578
1/8/2024,1.4276,470.248,74879074,10.528
1/9/2024,-0.1517,470.494,65931439,10.27
1/10/2024,0.5655,472.048,67310640,10.735
1/11/2024,-0.0441,473.862,77940723,10.735
1/12/2024,0.0693,475.614,58026420,10.601
1/16/2024,-0.3671,475.68,85014870,10.296
1/17/2024,-0.5559,475.362,68843871,9.649
1/18/2024,0.8893,475.348,91856248,10.17
1/19/2024,1.2466,476.564,110834483,11.523
1/22/2024,0.2114,477.918,75844931,9.502
1/23/2024,0.2917,479.904,49945297,9.256
1/24/2024,0.1093,482.524,81765039,9.083
1/25/2024,0.5439,484.832,72524989,9.109
1/26/2024,-0.127,485.828,76641609,9.308
1/29/2024,0.7919,487.392,61322751,8.891
1/30/2024,-0.0774,488.598,58618386,7.522
1/31/2024,-1.6317,488.096,126011062,12.905
2/1/2024,1.3088,488.33,91891637,13.077
2/2/2024,1.0527,489.718,99228192,13.938
2/5/2024,-0.3641,489.974,75757102,14.312
2/6/2024,0.2903,490.592,55918602,14.318
2/7/2024,0.834,493.636,70556506,14.626
2/8/2024,0.0442,495.46,52343636,14.52
2/9/2024,0.5779,496.83,63979375,14.305
2/12/2024,-0.0439,498.516,56502283,14.283
2/13/2024,-1.3773,498.536,113099199,13.21
2/14/2024,0.9088,498.63,68387827,12.335
2/15/2024,0.69,499.368,61682960,11.676
2/16/2024,-0.498,499.03,75532928,11.897
2/20/2024,-0.5505,498.186,71736740,12.437
2/21/2024,0.0906,498.812,59603771,11.556
2/22/2024,2.0695,500.598,76402535,16.061
2/23/2024,0.069,501.766,61321818,15.908
2/26/2024,-0.3662,503.062,50386738,16.127
2/27/2024,0.1858,505.096,48854528,13.359
2/28/2024,-0.1322,506.906,56506634,12.952
2/29/2024,0.3595,507.022,83924795,12.642
3/1/2024,0.9388,508.022,76844844,12.659
3/4/2024,-0.1072,509.284,49799257,11.897
3/5/2024,-0.9994,509.334,72855623,13.931
3/6/2024,0.5067,510.032,68382367,8.919
3/7/2024,0.9926,511.378,58652085,10.252
3/8/2024,-0.6002,511.152,86532535,10.706
3/11/2024,-0.086,510.948,62557183,10.756
3/12/2024,1.0757,512.868,73114439,11.819
3/13/2024,-0.1567,514.112,55104088,11.959
3/14/2024,-0.1977,514.14,110171820,11.13
3/15/2024,-0.6845,513.762,107646297,12.478
3/18/2024,0.5943,514.078,88893331,11.432
3/19/2024,0.5557,513.864,60755263,11.488
3/20/2024,0.9249,514.766,69594574,11.33
3/21/2024,0.3305,516.216,60256112,10.469
3/22/2024,-0.1896,518.492,79070842,10.584
3/25/2024,-0.2763,519.874,48512108,9.458
3/26/2024,-0.1847,520.494,65463744,9.481
3/27/2024,0.8404,521.032,82999777,10.169
3/28/2024,-0.0191,521.206,96294886,7.502
4/1/2024,-0.174,521.396,62477540,7.611
4/2/2024,-0.6358,521.21,74230308,8.457
4/3/2024,0.1099,521.33,59155759,6.747
4/4/2024,-1.2206,519.31,96858074,8.94
4/5/2024,1.0447,518.382,74546483,11.138
4/8/2024,0.0559,517.694,48401752,11.071
4/9/2024,0.1157,517.79,68124385,11.045
4/10/2024,-1.0013,516.732,82652806,11.009
4/11/2024,0.7547,517.718,70099007,12.129
4/12/2024,-1.3803,516.202,92561094,13.965
4/15/2024,-1.2528,513.348,92101447,14.907
4/16/2024,-0.1824,510.19,73484020,14.719
4/17/2024,-0.5918,507.476,75910305,13.851
4/18/2024,-0.2058,503.78,74548085,11.416
4/19/2024,-0.8728,500.642,102212587,11.271
4/22/2024,0.9209,499.696,67961048,13.36
4/23/2024,1.1867,500.12,64633620,15.306
4/24/2024,-0.0475,501.092,55928076,14.286
4/25/2024,-0.3799,501.886,69122368,12.66
4/26/2024,0.9474,504.506,64306118,11.961
4/29/2024,0.3541,506.574,46415449,11.92
4/30/2024,-1.5841,505.84,77483566,14.806
5/1/2024,-0.3247,504.828,80242839,14.882
5/2/2024,0.9353,505.136,62550179,14.515
5/3/2024,1.2395,505.742,72756709,15.095
5/6/2024,1.0327,507.044,47264703,14.811
5/7/2024,0.1103,510.076,52561299,14.736
5/8/2024,0.0097,513.444,42047214,14.333
5/9/2024,0.5762,516.472,43643668,13.925
5/10/2024,0.1288,518.382,52233171,13.927
5/13/2024,0.0134,519.25,36716361,8.799
5/14/2024,0.4588,520.482,57535867,7.593
5/15/2024,1.2383,523,59504897,8.287
5/16/2024,-0.2057,524.704,50244827,7.934
5/17/2024,0.1438,526.426,59187585,6.918
5/20/2024,0.1152,528.256,37764206,6.914
5/21/2024,0.2453,529.868,33437001,6.735
5/22/2024,-0.2879,529.878,48389968,7.175
5/23/2024,-0.7304,529.332,57211197,8.785
5/24/2024,0.6616,529.33,41291076,9.233
5/28/2024,0.0699,529.28,36269602,9.088
5/29/2024,-0.7003,528.228,45190323,7.293
5/30/2024,-0.6634,526.784,46468510,7.945
5/31/2024,0.9108,527.066,90785755,9.667
6/3/2024,0.0815,526.738,46835702,9.651
6/4/2024,0.1118,526.454,34632661,9.545
6/5/2024,1.1885,528.168,47610365,11.486
6/6/2024,-0.0019,530.578,30808530,10.379
6/7/2024,-0.1216,531.906,43224525,10.056
6/10/2024,0.309,533.478,35729252,10.118
6/11/2024,0.2408,535.19,36383411,8.804
6/12/2024,0.8213,536.528,63251305,7.419
6/13/2024,0.2013,538.086,44760949,6.768
6/14/2024,0.0608,539.84,40089895,6.791
6/17/2024,0.7959,542.128,55839457,7.121
6/18/2024,0.2541,544.436,41376417,5.257
6/20/2024,-0.2717,545.564,70328226,5.895
6/21/2024,-0.1336,545.976,64513859,6.793
6/24/2024,-0.3251,545.968,45528654,7.346
6/25/2024,0.3851,545.514,38273346,7.446
6/26/2024,0.1248,544.918,38550637,6.306
6/27/2024,0.1577,544.792,35041480,6.284
6/28/2024,-0.3935,544.734,76144535,6.786
7/1/2024,0.2058,545.254,40297810,5.184
7/2/2024,0.673,546.09,40434792,6.304
7/3/2024,0.4463,547.28,32789911,6.437
7/5/2024,0.5767,548.934,41488389,5.96
7/8/2024,0.1154,551.146,36110451,5.093
7/9/2024,0.0972,553.242,27314125,5.088
7/10/2024,0.9895,555.704,38701220,6.467
7/11/2024,-0.8623,556.708,53054184,9.095
7/12/2024,0.6308,557.778,53084405,8.555
7/15/2024,0.275,559.028,40584293,8.534
7/16/2024,0.593,560.836,36475260,8.439
7/17/2024,-1.4021,559.96,57118956,12.462
7/18/2024,-0.7685,559.196,56270392,12.922
7/19/2024,-0.6641,556.996,65509081,13.294
7/22/2024,1.031,555.62,43346720,14.668
7/23/2024,-0.1569,553.404,34439561,13.341
7/24/2024,-2.2662,550.262,74515266,17.41
7/25/2024,-0.521,547.412,61158288,16.47
7/26/2024,1.12,546.502,53763788,18.177
7/29/2024,0.0588,544.524,39515824,17.499
7/30/2024,-0.5066,542.168,46853632,16.448
7/31/2024,1.6255,544.084,65663388,19.025
8/1/2024,-1.4161,545.004,76428732,20.242
8/2/2024,-1.8618,542.696,82789070,20.901
8/5/2024,-2.9124,537.22,146267391,24.715
8/6/2024,0.922,533.25,84826312,24.246
8/7/2024,-0.6684,526.82,70698340,24.283
8/8/2024,2.3117,524.348,63276589,27.309
8/9/2024,0.441,524.366,45619558,27.541
8/12/2024,0.0525,527.544,42542069,27.53
8/13/2024,1.6446,531.522,52333073,27.57
8/14/2024,0.3155,536.54,42446929,26.579
8/15/2024,1.714,541.024,60846812,25.214
8/16/2024,0.2242,545.288,44430728,15.22
8/19/2024,0.9561,550.556,39121793,15.233
8/20/2024,-0.1626,553.888,33732264,13.854
8/21/2024,0.3437,557.262,41514600,10.803
8/22/2024,-0.7848,557.892,56121456,13.186
8/23/2024,1.0625,559.456,50639393,13.247
8/26/2024,-0.2384,559.692,35788609,12.223
8/27/2024,0.1373,560.264,32693898,12.29
8/28/2024,-0.5805,559.8,41066024,10.125
8/29/2024,0.009,560.226,38715176,10.108
8/30/2024,0.9546,560.536,62700110,10.104
9/3/2024,-2.0579,558.794,60600113,15.444
9/4/2024,-0.2047,556.672,47224939,15.174
9/5/2024,-0.2432,554.934,44264258,14.757
9/6/2024,-1.683,551.336,68493805,14.964
9/9/2024,1.1196,547.882,40445822,17.156
9/10/2024,0.4356,547.224,36394579,17.468
9/11/2024,1.0259,547.918,75248608,18.583
9/12/2024,0.8423,549.814,51892735,19.232
9/13/2024,0.5223,554.144,39310501,18.684
9/16/2024,0.1477,557.43,36656122,14.005
9/17/2024,0.0409,560.286,49320970,13.827
9/18/2024,-0.2966,561.682,59044937,13.891
9/19/2024,1.7064,564.06,75315470,9.947
9/20/2024,-0.1724,565.308,77503110,10.971
9/23/2024,0.2499,566.674,44116922,11.016
9/24/2024,0.2861,568.32,46805672,10.393
9/25/2024,-0.2205,570.048,38428587,10.278
9/26/2024,0.3965,570.312,48336004,10.179
9/27/2024,-0.145,570.956,42100928,10.349
9/30/2024,0.4007,571.774,63655448,10.385
10/1/2024,-0.8958,571.238,72668778,11.754
10/2/2024,0.0422,571.002,38097798,7.112
10/3/2024,-0.1828,570.106,40846466,6.684
10/4/2024,0.9087,570.408,43005186,8.25
10/7/2024,-0.904,569.216,49964690,9.595
10/8/2024,0.9458,570.126,37398693,10.934
10/9/2024,0.6926,571.782,37912244,11.334
10/10/2024,-0.175,573.444,44138060,11.356
10/11/2024,0.5988,574.764,42267994,11.578
10/14/2024,0.8178,578.068,36217215,10.305
10/15/2024,-0.777,579.39,54203636,11.817
10/16/2024,0.4346,580.422,30725436,11.611
10/17/2024,0.0086,581.666,34393714,11.028
10/18/2024,0.3846,582.668,37416801,8.856
10/21/2024,-0.1642,582.53,36439010,8.329
10/22/2024,-0.0531,583.238,34183835,7.855
10/23/2024,-0.9137,582.376,49314574,9.581
10/24/2024,0.2163,581.754,34979860,9.061
10/25/2024,-0.0345,580.644,47268176,7.59
10/28/2024,0.3091,580.084,30174704,6.618
10/29/2024,0.1618,579.774,42899661,6.214
10/30/2024,-0.3025,580.178,41435839,6.407
10/31/2024,-1.9603,578.058,60182451,11.687
11/1/2024,0.4221,576.458,45667533,12.326
11/4/2024,-0.2154,574.254,38216975,12.276
11/5/2024,1.2092,573.24,39478322,13.781
11/6/2024,2.4866,575.446,68181968,19.234
11/7/2024,0.7732,580.84,47233212,19.368
11/8/2024,0.4332,586.27,46444893,19.379
11/11/2024,0.0953,592.06,37586773,19.401
11/12/2024,-0.3106,596.1,43006128,19.409
11/13/2024,0.0486,597.33,47388640,13.874
11/14/2024,-0.643,596.878,38904109,15.293
11/15/2024,-1.2809,594.39,75988766,17.662
11/18/2024,0.4097,592.268,37084081,16.851
11/19/2024,0.3656,590.948,49412046,10.301
11/20/2024,0.0339,589.61,50032576,9.178
11/21/2024,0.5368,589.674,46750285,9.386
11/22/2024,0.3099,591.626,38226390,9.587
11/25/2024,0.3392,593.502,42441393,9.671
11/26/2024,0.5221,595.572,45621288,10.055
11/27/2024,-0.303,597.238,34000163,9.419
11/29/2024,0.6212,599.014,30177351,4.621
12/2/2024,0.1792,600.638,31745989,4.633
12/3/2024,0.0464,601.914,26906629,4.776
12/4/2024,0.621,603.316,42787561,4.936
12/5/2024,-0.1646,604.882,28762183,5.352
12/6/2024,0.1896,605.934,31241549,5.34
12/9/2024,-0.515,606.144,34742738,6.591
12/10/2024,-0.3109,605.922,37234515,6.513
12/11/2024,0.7731,605.882,28677723,7.195
12/12/2024,-0.5153,605.416,31543812,7.42
12/13/2024,-0.0199,604.696,35904730,7.37
12/16/2024,0.427,605.118,43695179,7.704
12/17/2024,-0.412,605.416,55773545,7.221
12/18/2024,-2.9804,601.18,108248729,17.543
12/19/2024,-0.0307,597.534,85919452,17.349
12/20/2024,1.197,594.922,125716674,18.589
12/23/2024,0.5988,592.502,57635828,19.127
12/24/2024,1.1115,591.904,33160097,19.727
12/26/2024,0.0067,594.916,41338891,19.579
12/27/2024,-1.0526,596.698,64969310,20.301
12/30/2024,-1.1412,596.112,56578757,20.558
12/31/2024,-0.3638,594.39,57052654,20.555
1/2/2025,-0.2457,591.058,50203975,12.667
1/3/2025,1.2503,589.18,37888459,14.399
1/6/2025,0.5761,589.25,47679442,13.995
1/7/2025,-1.1304,589.332,60393052,14.977
1/8/2025,0.1461,590.014,47304672,13.224
1/10/2025,-1.5267,589.184,73105046,14.868
1/13/2025,0.155,587.072,47910060,14.527
1/14/2025,0.1376,584.438,48420580,13.578
1/15/2025,1.819,585.268,56900159,16.877
1/16/2025,-0.1923,585.698,43319662,16.841
1/17/2025,1.004,589.116,58070628,16.363
1/21/2025,0.9154,593.448,42532853,16.772
1/22/2025,0.5621,598.298,48195973,14.946
1/23/2025,0.5458,601.692,41152102,14.939
1/24/2025,-0.2919,604.958,34604693,10.63
1/27/2025,-1.4145,605.316,70361125,14.897
1/28/2025,0.8592,605.61,44433322,15.081
1/29/2025,-0.4483,604.684,37177429,13.088
1/30/2025,0.5367,603.742,39281255,13.021
1/31/2025,-0.5322,602.512,66671471,12.755
2/3/2025,-0.673,602.192,65857248,12.228
2/4/2025,0.6708,601.644,33457815,12.429
2/5/2025,0.4055,602.126,30653149,12.22
2/6/2025,0.3476,602.382,35771503,12.377
2/7/2025,-0.9154,602.172,50788516,10.714
2/10/2025,0.6791,603.588,26048714,10.299
2/11/2025,0.0761,604.294,30056740,9.924
2/12/2025,-0.3221,604.122,45076076,9.669
2/13/2025,1.0558,604.804,40921297,10.687
2/14/2025,-0.0049,606.59,26910448,9.563
2/18/2025,0.2936,607.918,26749030,9.196
2/19/2025,0.2355,609.442,31011072,9.105
2/20/2025,-0.416,610.846,36554002,9.509
2/21/2025,-1.7104,608.888,76519818,12.697
2/24/2025,-0.455,606.39,50737213,12.137
2/25/2025,-0.4973,602.94,58266472,12.196
2/26/2025,0.0505,599.262,43321578,12.244
2/27/2025,-1.5962,594.196,74196664,12.016
2/28/2025,1.5606,593.044,88744106,16.123
3/3/2025,-1.752,590.356,74249199,17.464
3/4/2025,-1.1837,586.88,109648212,17.151
3/5/2025,1.0748,584.584,71230528,19.564
3/6/2025,-1.7751,582.116,80094868,19.7
3/7/2025,0.5605,578.464,81158816,20.538
3/10/2025,-2.6636,573.826,99326624,23.988
3/11/2025,-0.8313,569.638,88102109,23.619
3/12/2025,0.5307,564.8,69588167,23.875
3/13/2025,-1.333,560.542,74079414,20.613
3/14/2025,2.0656,557.92,62660321,24.746
3/17/2025,0.7711,559.234,49008709,24.967
3/18/2025,-1.0808,560.254,66041422,24.111
3/19/2025,1.0891,561.906,66555985,23.778
3/20/2025,-0.2892,564.72,62958195,23.438
3/21/2025,0.0328,564.954,83762964,18.043
3/24/2025,1.7908,566.34,58766795,19.218
3/25/2025,0.2404,569.228,38355735,19.196
3/26/2025,-1.1938,569.52,52228898,18.809
3/27/2025,-0.2656,569.838,42164248,15.878
3/28/2025,-2.0138,568.174,71662653,18.825
3/31/2025,0.6713,565.236,95328213,18.584
4/1/2025,0.2825,562.338,54609641,17.488
4/2/2025,0.6328,561.524,76014544,17.895
4/3/2025,-4.9281,555.448,125985998,32.547
4/4/2025,-5.8543,545.372,217965131,40.496
4/7/2025,-0.1781,534.37,256611355,39.999
4/8/2025,-1.5663,521.472,165816581,39.969
4/9/2025,10.5019,518.292,241867317,73.898
4/10/2025,-4.3819,515.868,162331225,76.804
4/11/2025,1.7843,521.6,97866334,77.636
4/14/2025,0.9701,528.548,68033993,77.951
4/15/2025,-0.2801,536.774,56892874,77.697
4/16/2025,-2.2228,532.182,83484814,73.767
4/17/2025,0.1427,532.548,79868083,64.919
4/21/2025,-2.3803,528.536,69368129,66.709
4/22/2025,2.6018,526.162,75948117,66.824
4/23/2025,1.5495,525.724,90590658,37.555
4/24/2025,2.1049,529.93,64150418,29.304
4/25/2025,0.7225,534.776,61119590,28.306
4/28/2025,0.0381,542.17,47613755,28.08
4/29/2025,0.6299,547.584,47775121,27.958
4/30/2025,0.0397,551.408,93101463,23.41
