Date,RSI_14D,MACD_SIGNAL,GAP,UPTREND
1/2/2020,89.0647,1.440763523,0.83,1
1/3/2020,74.3626,1.461457434,-1.36,0
1/6/2020,72.9447,1.474523938,-0.92,1
1/7/2020,68.8027,1.478125848,0.16,0
1/8/2020,75.5589,1.488032639,0.1,1
1/9/2020,78.9948,1.514892031,0.86,1
1/10/2020,74.7613,1.544006254,0.41,0
1/13/2020,77.657,1.588314655,0.43,1
1/14/2020,72.8453,1.629024174,0.12,0
1/15/2020,73.0994,1.663386033,0.06,0
1/16/2020,74.8634,1.708598457,0.61,1
1/17/2020,76.6088,1.764717823,0.45,1
1/21/2020,80.6452,1.820071254,-0.3,0
1/22/2020,80.7692,1.873478628,0.61,1
1/23/2020,77.7778,1.925935543,0.1,1
1/24/2020,83.8881,1.963318222,0.72,0
1/27/2020,63.2674,1.947803957,-2.27,0
1/28/2020,69.3591,1.924545793,0.83,1
1/29/2020,67.23,1.897255309,0.8,1
1/30/2020,66.5388,1.877945538,-0.04,1
1/31/2020,53.7984,1.817452577,-0.57,0
2/3/2020,54.0832,1.750278153,0.11,1
2/4/2020,63.413,1.718812747,1.68,1
2/5/2020,64.5203,1.716714568,1.63,1
2/6/2020,63.6544,1.743738969,0.41,1
2/7/2020,58.3279,1.768947777,-0.47,0
2/10/2020,61.828,1.809203791,-0.58,1
2/11/2020,59.7729,1.847232773,0.77,0
2/12/2020,61.2327,1.895052448,0.69,1
2/13/2020,61.9103,1.937875054,-0.8,0
2/14/2020,72.4003,1.977923896,0.2,1
2/18/2020,66.787,2.003564003,-0.82,0
2/19/2020,68.9399,2.033567212,0.66,1
2/20/2020,62.3005,2.043026176,-0.22,0
2/21/2020,64.0465,1.998080013,-0.52,0
2/24/2020,46.3959,1.851263243,-4.77,0
2/25/2020,31,1.595411956,0.86,0
2/26/2020,30.3812,1.287696682,0.35,1
2/27/2020,20.5654,0.880898008,-3.04,0
2/28/2020,23.893,0.442002551,-3.49,1
3/2/2020,35.1415,0.086516729,1.59,1
3/3/2020,31.2042,-0.254889761,0.53,0
3/4/2020,37.2693,-0.507409515,1.94,1
3/5/2020,34.3301,-0.737047864,-2.5,0
3/6/2020,31.6662,-0.969259168,-3.04,0
3/9/2020,26.8589,-1.29639342,-7.33,0
3/10/2020,33.6145,-1.575489677,3.52,1
3/11/2020,31.5213,-1.872306384,-2.35,0
3/12/2020,28.1675,-2.290431429,-6.06,0
3/13/2020,40.7012,-2.61641399,4.74,1
3/16/2020,35.6016,-3.047141404,-12.47,0
3/17/2020,39.589,-3.435181554,1.71,1
3/18/2020,40.7501,-3.814881868,-5.15,0
3/19/2020,40.4141,-4.156447837,-0.69,1
3/20/2020,33.9773,-4.501456747,1.41,0
3/23/2020,35.2737,-4.836551461,-0.73,0
3/24/2020,38.3864,-5.021811113,4.26,1
3/25/2020,40.0299,-5.093595152,0.59,0
3/26/2020,45.2641,-5.002301307,0.98,1
3/27/2020,47.3218,-4.861528349,-2.55,0
3/30/2020,45.549,-4.633232869,1.05,1
3/31/2020,47.4705,-4.375897775,-0.19,0
4/1/2020,51.0339,-4.164983002,-2.78,0
4/2/2020,44.198,-3.956168845,-0.27,1
4/3/2020,55.6886,-3.769905629,-0.34,0
4/6/2020,57.4305,-3.493968699,3.39,1
4/7/2020,60.5815,-3.180293442,2.95,0
4/8/2020,62.4428,-2.816581028,1.09,1
4/9/2020,68.084,-2.433834054,1.01,0
4/13/2020,70.11,-2.050642275,-0.34,1
4/14/2020,66.8847,-1.62546861,1.9,1
4/15/2020,63.416,-1.223516613,-1.77,0
4/16/2020,59.1052,-0.837490173,1.14,1
4/17/2020,68.2768,-0.461106232,1.56,1
4/20/2020,60.8568,-0.13226055,-1.21,0
4/21/2020,56.4155,0.091139635,-1.24,0
4/22/2020,68.7911,0.288222201,2.04,1
4/23/2020,65.2818,0.448248434,0.2,0
4/24/2020,70.3285,0.604994111,0.36,1
4/27/2020,62.6501,0.762213184,0.8,1
4/28/2020,61.4479,0.890764297,1.11,0
4/29/2020,63.6513,1.050332778,1.88,1
4/30/2020,62.5658,1.212042272,0.19,0
5/1/2020,56.4928,1.323808557,-2.01,0
5/4/2020,52.2533,1.414221417,-0.41,1
5/5/2020,58.9636,1.503070951,1.03,1
5/6/2020,58.3545,1.594184817,0.88,1
5/7/2020,58.7222,1.700325206,1.25,1
5/8/2020,64.6439,1.828302039,0.89,1
5/11/2020,77.2244,1.969140987,-0.65,1
5/12/2020,65.5848,2.07474038,0.39,0
5/13/2020,62.3408,2.122301244,0.05,0
5/14/2020,61.0633,2.144820976,-0.64,1
5/15/2020,60.483,2.153074986,-1.47,1
5/18/2020,68.3852,2.183583147,1.84,1
5/19/2020,60.3817,2.215879618,0.04,0
5/20/2020,66.0517,2.275898223,1.32,1
5/21/2020,70.3143,2.323261013,-0.1,0
5/22/2020,68.864,2.360497411,-0.14,1
5/26/2020,65.9937,2.382459297,1.93,0
5/27/2020,65.6469,2.397040958,-0.01,1
5/28/2020,61.5172,2.397737762,-0.36,0
5/29/2020,61.115,2.403694737,0.29,1
6/1/2020,59.2,2.406679272,-0.46,0
6/2/2020,71.3386,2.416837039,0.2,1
6/3/2020,82.8836,2.437734801,0.4,1
6/4/2020,75.2389,2.445629978,-0.39,0
6/5/2020,79.1056,2.480868903,0.7,1
6/8/2020,75.9696,2.533881428,-0.18,1
6/9/2020,79.1493,2.597137988,-0.51,1
6/10/2020,78.4668,2.684861945,0.74,1
6/11/2020,56.1652,2.681955752,-1.81,0
6/12/2020,58.5181,2.636546072,2.63,1
6/15/2020,61.0556,2.576183499,-1.81,1
6/16/2020,64.2164,2.537883853,2.4,1
6/17/2020,64.7786,2.509317116,0.58,0
6/18/2020,63.3441,2.489968082,-0.19,1
6/19/2020,61.1169,2.460408059,1.24,0
6/22/2020,62.5125,2.446555044,-0.15,1
6/23/2020,62.475,2.449662695,0.93,1
6/24/2020,58.0167,2.420002355,-0.43,0
6/25/2020,55.3475,2.386743128,0.15,1
6/26/2020,49.1292,2.314984813,-0.2,0
6/29/2020,50.5568,2.235290787,-0.01,1
6/30/2020,50.8415,2.17906195,0.01,1
7/1/2020,69.4279,2.138233975,0.07,0
7/2/2020,68.1762,2.114057958,0.99,1
7/6/2020,69.8235,2.126124172,1.36,1
7/7/2020,60.8886,2.13755897,-0.12,0
7/8/2020,64.7824,2.170727789,0.84,1
7/9/2020,64.6425,2.217055,0.88,1
7/10/2020,67.2373,2.263669339,-0.25,0
7/13/2020,55.5872,2.267122792,0.92,0
7/14/2020,56.7463,2.257639957,-0.84,1
7/15/2020,66.5434,2.244653957,0.98,1
7/16/2020,58.4,2.203817594,-1.15,0
7/17/2020,67.9566,2.150939225,0.63,1
7/20/2020,71.1315,2.131938259,0.3,1
7/21/2020,62.7162,2.11275808,0.78,0
7/22/2020,64.3164,2.103535969,0.1,1
7/23/2020,53.2902,2.050933896,-0.58,0
7/24/2020,44.6915,1.9486439,-1.78,0
7/27/2020,52.3475,1.842615664,0.64,1
7/28/2020,44.1551,1.715659833,-0.33,0
7/29/2020,47.4726,1.602742147,0.4,1
7/30/2020,49.1397,1.510462305,-0.97,1
7/31/2020,61.3558,1.475430056,1.7,1
8/3/2020,64.0258,1.518149145,1.5,1
8/4/2020,63.5387,1.608528473,-0.24,1
8/5/2020,68.4057,1.727077175,0.36,1
8/6/2020,69.9861,1.878658083,-0.09,1
8/7/2020,60.1555,2.011273378,-0.46,0
8/10/2020,62.5253,2.115359971,0.22,0
8/11/2020,54.8879,2.158740592,-0.37,0
8/12/2020,67.9574,2.197242269,0.9,1
8/13/2020,72.5541,2.226457357,0.16,0
8/14/2020,69.6749,2.241969388,0.05,0
8/17/2020,76.0231,2.255094897,0.69,1
8/18/2020,74.4,2.2677571,0.22,1
8/19/2020,72.7676,2.272062844,0.29,0
8/20/2020,70.6083,2.290136972,-0.43,1
8/21/2020,67.8865,2.33428623,0.11,1
8/24/2020,69.5467,2.403417693,1.7,1
8/25/2020,69.9301,2.488678305,-0.27,1
8/26/2020,71.5796,2.612675884,1.25,1
8/27/2020,80.903,2.75009351,0.51,0
8/28/2020,84.1515,2.899522108,0.48,1
8/31/2020,98.2554,3.048259281,0.49,1
9/1/2020,98.2315,3.219470856,1.11,1
9/2/2020,98.3716,3.406324878,1.8,1
9/3/2020,64.2961,3.469914411,-2.03,0
9/4/2020,58.063,3.41835817,-0.67,0
9/8/2020,45.6776,3.204345742,-4.49,0
9/9/2020,52.5475,2.951136707,2.75,1
9/10/2020,45.7758,2.637947281,1.6,0
9/11/2020,41.8414,2.28368846,1.07,0
9/14/2020,44.305,1.954865947,1.88,1
9/15/2020,45.233,1.672956338,1.76,1
9/16/2020,38.4833,1.402698042,0.52,0
9/17/2020,37.1744,1.135556222,-2.68,0
9/18/2020,32.9952,0.850512946,0.19,0
9/21/2020,33.5699,0.578102336,-2.26,1
9/22/2020,32.4105,0.354971099,1.27,1
9/23/2020,27.0535,0.116817354,0.06,0
9/24/2020,35.3528,-0.108642307,-1.03,1
9/25/2020,43.0426,-0.27164023,0.06,1
9/28/2020,56.2128,-0.351543975,1.89,1
9/29/2020,48.4527,-0.380598196,-0.15,0
9/30/2020,56.5435,-0.359914605,-0.06,1
10/1/2020,61.1485,-0.288696337,1.62,1
10/2/2020,49.1488,-0.236582997,-2.9,0
10/5/2020,52.0379,-0.158431775,0.82,1
10/6/2020,51.9951,-0.096733267,-0.28,0
10/7/2020,57.9278,-0.014537504,1.21,1
10/8/2020,63.6966,0.085962032,1.03,1
10/9/2020,65.3207,0.221347234,0.56,1
10/12/2020,67.2646,0.423326969,1.77,1
10/13/2020,75.0313,0.64288992,0.4,0
10/14/2020,72.3564,0.85012819,0.3,0
10/15/2020,67.1839,1.028065274,-2.02,0
10/16/2020,62.4502,1.170381971,0.67,0
10/19/2020,57.2341,1.244825683,0.61,0
10/20/2020,56.1124,1.276529562,0.45,1
10/21/2020,52.9557,1.274001708,-0.29,0
10/22/2020,60.1567,1.238312399,0.05,0
10/23/2020,53.1654,1.178812589,0.17,0
10/26/2020,50.7086,1.063818293,-1.31,0
10/27/2020,45.5412,0.926898225,0.56,1
10/28/2020,31.9664,0.70248568,-2.21,0
10/29/2020,32.1447,0.463072729,0.43,1
10/30/2020,15.5738,0.185707216,-1.59,0
11/2/2020,17.5942,-0.096862297,0.85,1
11/3/2020,26.6492,-0.336389392,0.87,1
11/4/2020,41.3508,-0.465415796,3.44,1
11/5/2020,50.0571,-0.459124337,3.09,1
11/6/2020,55.4783,-0.360441235,-0.29,1
11/9/2020,52.7878,-0.22224034,2.58,0
11/10/2020,48.7407,-0.101906082,-1.05,0
11/11/2020,54.5983,0.045985767,1.2,1
11/12/2020,52.8808,0.186061864,0,0
11/13/2020,59.3019,0.329745611,0.91,1
11/16/2020,60.1231,0.486073533,0.01,1
11/17/2020,70.3763,0.630174748,-0.61,0
11/18/2020,64.3735,0.73688144,-0.21,0
11/19/2020,72.9458,0.82835251,-0.24,1
11/20/2020,68.805,0.88364812,0.11,0
11/23/2020,65.9215,0.910878319,0.37,0
11/24/2020,61.0735,0.94365801,0.46,1
11/25/2020,52.7215,0.98019501,0.42,1
11/27/2020,53.3708,1.025307995,0.65,1
11/30/2020,58.7093,1.084177082,-0.04,1
12/1/2020,71.6154,1.17131913,1.02,1
12/2/2020,64.2463,1.265912981,-0.53,0
12/3/2020,69.7515,1.356057086,0.14,0
12/4/2020,70.3361,1.455538964,0.18,1
12/7/2020,68.1695,1.558084696,0.07,1
12/8/2020,73.6599,1.660165296,-0.12,1
12/9/2020,66.6946,1.714050043,-0.08,0
12/10/2020,64.3369,1.733866964,-0.76,0
12/11/2020,70.5998,1.723192013,-0.75,0
12/14/2020,72.0491,1.697216932,0.38,1
12/15/2020,73.0909,1.692330565,1.35,1
12/16/2020,74.4828,1.710781982,0.17,1
12/17/2020,75.2508,1.755108558,0.93,1
12/18/2020,70.5781,1.802149775,0.19,0
12/21/2020,64.833,1.841606784,-1.92,0
12/22/2020,69.4595,1.887753763,0.71,1
12/23/2020,64.25,1.915736886,0.15,0
12/24/2020,63.0172,1.940063235,0.22,1
12/28/2020,66.2205,1.979694012,1.28,1
12/29/2020,61.9675,2.012435937,0.71,0
12/30/2020,75.8294,2.033440119,0.45,0
12/31/2020,75.8523,2.044382955,0.06,0
1/4/2021,64.4928,2.009962969,0.66,0
1/5/2021,65.5469,1.95757585,-0.29,1
1/6/2021,48.7635,1.856792985,-1.84,0
1/7/2021,57.1982,1.781132359,1.22,1
1/8/2021,56.7232,1.734526271,0.64,1
1/11/2021,54.4828,1.687390066,-1.27,0
1/12/2021,52.9878,1.62865491,-0.16,0
1/13/2021,52.1415,1.575099339,0.17,1
1/14/2021,51.6288,1.505819697,0.32,0
1/15/2021,45.1016,1.40582437,-0.19,0
1/19/2021,45.7497,1.315099138,0.88,1
1/20/2021,54.6081,1.272786118,0.9901,1
1/21/2021,58.5568,1.287256622,0.71,1
1/22/2021,56.7451,1.325488701,-0.56,0
1/25/2021,65.2371,1.39129823,1.5,1
1/26/2021,63.8889,1.469207775,0.47,0
1/27/2021,62.8675,1.506903934,-0.64,0
1/28/2021,56.4165,1.522599872,0.67,1
1/29/2021,45.1304,1.470595144,-0.66,0
2/1/2021,55.9217,1.427064104,1.53,1
2/2/2021,61.0583,1.416432014,1.28,1
2/3/2021,58.2989,1.416410332,0.27,0
2/4/2021,65.1275,1.453794807,0.72,1
2/5/2021,68.186,1.504565162,0.41,0
2/8/2021,67.8305,1.580290124,0.55,1
2/9/2021,62.9455,1.661532016,-0.36,0
2/10/2021,58.6462,1.734995127,0.55,0
2/11/2021,63.5972,1.81970881,0.92,1
2/12/2021,62.7958,1.914213454,-0.36,1
2/16/2021,61.0901,1.998358426,0.55,0
2/17/2021,65.7375,2.047580086,-1.27,0
2/18/2021,62.1326,2.056975904,-1.42,0
2/19/2021,74.6537,2.033037963,0.7,0
2/22/2021,53.1316,1.936964982,-1.67,0
2/23/2021,45.0352,1.79039759,-2.21,0
2/24/2021,54.2479,1.648171371,-0.99,1
2/25/2021,33.412,1.437220034,-1.2,0
2/26/2021,36.6417,1.201984373,1.29,1
3/1/2021,45.4274,1.028287736,2.22,1
3/2/2021,41.3575,0.865781906,0.19,0
3/3/2021,36.2124,0.663548041,-0.64,0
3/4/2021,28.7218,0.399872855,-0.4,0
3/5/2021,32.9562,0.148729392,1.58,1
3/8/2021,30.1131,-0.131510836,-0.12,0
3/9/2021,39.9882,-0.346713058,2.94,1
3/10/2021,40.1654,-0.517375528,1.4,0
3/11/2021,44.9355,-0.605802,1.95,1
3/12/2021,47.6149,-0.651825029,-1.58,0
3/15/2021,50.1836,-0.645035976,0.1,1
3/16/2021,48.6911,-0.588076643,1.02,1
3/17/2021,56.2122,-0.503072092,-1.08,0
3/18/2021,48.9329,-0.462989702,-1.83,0
3/19/2021,40.8558,-0.458331811,0.03,0
3/22/2021,48.4713,-0.438860331,0.42,1
3/23/2021,53.0651,-0.423207075,0.36,0
3/24/2021,55.7267,-0.435170525,0.79,0
3/25/2021,50.9344,-0.46410096,-0.77,0
3/26/2021,64.7541,-0.448601581,-0.07,1
3/29/2021,54.7728,-0.416053053,-0.4,0
3/30/2021,52.8051,-0.393519447,-0.93,0
3/31/2021,51.1462,-0.344362153,1,1
4/1/2021,59.5316,-0.237711393,1.45,1
4/5/2021,62.022,-0.055401493,0.79,1
4/6/2021,58.684,0.155486269,-0.22,0
4/7/2021,60.2787,0.384523335,-0.11,1
4/8/2021,74.5412,0.643961957,1.3,1
4/9/2021,77.3976,0.928926227,-0.51,1
4/12/2021,72.3569,1.201984967,-0.58,0
4/13/2021,76.9049,1.471747166,0.54,1
4/14/2021,77.1971,1.697856201,-0.02,0
4/15/2021,79.8204,1.919491197,1.29,1
4/16/2021,76.4034,2.121849938,0.11,0
4/19/2021,74.5516,2.277696837,-0.64,0
4/20/2021,74.5155,2.370927366,-0.3,0
4/21/2021,73.6737,2.437275317,-0.25,1
4/22/2021,63.4879,2.451096801,-0.25,0
4/23/2021,62.0897,2.459188896,0.26,1
4/26/2021,65.5809,2.469307455,0.05,1
4/27/2021,62.9157,2.468953635,0.23,0
4/28/2021,53.8284,2.435207859,-0.835,0
4/29/2021,49.5663,2.374836801,1.16,0
4/30/2021,46.0035,2.264737526,-1.44,0
5/3/2021,40.5471,2.117857137,0.75,0
5/4/2021,38.2454,1.910909706,-1.04,0
5/5/2021,27.6873,1.667541636,1.12,0
5/6/2021,33.6729,1.432160457,-0.06,1
5/7/2021,40.7674,1.229686405,1.38,1
5/10/2021,35.9218,0.999649221,-0.67,0
5/11/2021,30.0223,0.755575218,-2.59,0
5/12/2021,26.8329,0.45314908,-1.99,0
5/13/2021,25.4952,0.156730499,1.44,1
5/14/2021,32.9831,-0.073994692,1.49,1
5/17/2021,32.0319,-0.26723531,-0.8,0
5/18/2021,32.3912,-0.443473018,0.39,0
5/19/2021,33.9664,-0.591305619,-2.08,1
5/20/2021,44.0722,-0.671234265,0.54,1
5/21/2021,43.401,-0.714847971,0.7,0
5/24/2021,53.82,-0.693174902,1.13,1
5/25/2021,54.6627,-0.629499424,0.56,0
5/26/2021,51.8028,-0.54156041,0.2,0
5/27/2021,47.3905,-0.45343579,-0.12,0
5/28/2021,57.8091,-0.360963336,0.7,1
6/1/2021,56.9749,-0.280639599,0.62,0
6/2/2021,73.203,-0.196344815,0.28,1
6/3/2021,64.0493,-0.134113614,-1.12,0
6/4/2021,63.3598,-0.046548373,0.84,1
6/7/2021,67.7032,0.0519329,-0.12,0
6/8/2021,73.318,0.152134759,0.67,0
6/9/2021,72.5413,0.249410995,0.68,0
6/10/2021,68.7556,0.355618718,0.29,1
6/11/2021,75.6661,0.474448121,0.18,1
6/14/2021,73.3463,0.616852311,0.14,1
6/15/2021,67.446,0.75112184,-0.11,0
6/16/2021,63.1313,0.859257233,0.27,0
6/17/2021,71.4621,0.969550439,-0.41,1
6/18/2021,63.5562,1.052304284,-0.69,0
6/21/2021,69.8379,1.131163046,-0.2,1
6/22/2021,70.564,1.221609131,-0.09,1
6/23/2021,76.5101,1.30923959,0.02,0
6/24/2021,73.0308,1.402046034,0.93,1
6/25/2021,72.1658,1.487323821,0.13,0
6/28/2021,75.3188,1.584273188,0.6,1
6/29/2021,76.993,1.696916176,0.08,1
6/30/2021,74.3112,1.807070368,-0.23,0
7/1/2021,73.1308,1.909760092,-0.2,0
7/2/2021,74.1573,2.029146448,0.71,1
7/6/2021,80.2914,2.157208681,0.32,1
7/7/2021,86.249,2.292161458,0.96,1
7/8/2021,74.9224,2.396319533,-2.38,0
7/9/2021,85.1737,2.492271344,-0.18,1
7/12/2021,83.7426,2.574283814,0.6,0
7/13/2021,82.7493,2.647284571,-0.26,1
7/14/2021,85.4425,2.722645389,1.22,1
7/15/2021,75.7235,2.769226885,-0.18,0
7/16/2021,68.4096,2.765084929,0.3,0
7/19/2021,55.1676,2.690039795,-1.79,0
7/20/2021,58.4466,2.603456482,0.74,1
7/21/2021,62.6045,2.531380203,-0.06,1
7/22/2021,64.452,2.484274427,0.32,1
7/23/2021,63.5623,2.473877589,0.68,1
7/26/2021,62.0132,2.480119402,-0.39,0
7/27/2021,54.9913,2.467516651,-0.19,0
7/28/2021,59.2293,2.435107841,0.05,0
7/29/2021,57.4578,2.397761432,-0.16,1
7/30/2021,56.7532,2.352217568,-0.98,0
8/2/2021,52.968,2.289787074,0.69,0
8/3/2021,52.5346,2.230461516,0.28,1
8/4/2021,58.2163,2.176054212,-0.12,1
8/5/2021,67.2553,2.136183281,0.28,1
8/6/2021,78.4549,2.100570699,-0.54,0
8/9/2021,69.7487,2.056729205,0.18,0
8/10/2021,57.128,1.987631128,0.28,0
8/11/2021,51.5864,1.902113824,0.53,0
8/12/2021,47.6493,1.82049281,-0.16,1
8/13/2021,53.1866,1.754845061,0.1,1
8/16/2021,67.2173,1.709818852,-0.37,1
8/17/2021,58.9744,1.655599954,-0.95,0
8/18/2021,44.0808,1.560705148,-0.36,0
8/19/2021,51.528,1.465504931,-0.84,1
8/20/2021,60.9387,1.403353401,0.58,1
8/23/2021,63.764,1.394044084,0.41,1
8/24/2021,62.1545,1.412294149,0.2,0
8/25/2021,59.3258,1.442206401,0.37,0
8/26/2021,55.7354,1.458778284,-0.19,0
8/27/2021,61.958,1.486886273,0.14,1
8/30/2021,70.3985,1.544484997,0.47,1
8/31/2021,66.807,1.600626617,0.1,0
9/1/2021,65.0412,1.649901942,0.55,0
9/2/2021,62.3677,1.685817801,0.59,0
9/3/2021,62.1927,1.7176864,-0.19,1
9/7/2021,68.1159,1.74207087,0.19,0
9/8/2021,76.5472,1.746783435,-0.02,0
9/9/2021,69.4469,1.725365068,0.11,0
9/10/2021,54.0565,1.659869779,0.88,0
9/13/2021,44.0622,1.567195844,1.19,0
9/14/2021,43.9646,1.455582141,0.67,0
9/15/2021,51.7944,1.356488316,0.53,1
9/16/2021,57.7046,1.268780557,-0.56,0
9/17/2021,37.8378,1.150667478,-0.41,0
9/20/2021,18.8776,0.967607323,-2.55,0
9/21/2021,20.765,0.752187808,0.93,0
9/22/2021,33.231,0.559409059,0.83,1
9/23/2021,42.8667,0.422677521,0.8,1
9/24/2021,40.805,0.329034599,-0.95,0
9/27/2021,36.7527,0.242307055,-1.32,0
9/28/2021,29.3763,0.090517757,-1.99,0
9/29/2021,29.9949,-0.097331589,0.62,0
9/30/2021,30.753,-0.314944233,0.88,0
10/1/2021,37.9424,-0.503189063,0.54,1
10/4/2021,32.8163,-0.718011742,-0.87,0
10/5/2021,34.7861,-0.90293123,0.3,1
10/6/2021,37.0073,-1.041720902,-1.73,1
10/7/2021,44.1118,-1.119930327,1.31,1
10/8/2021,49.0675,-1.162610831,0.59,0
10/11/2021,47.1674,-1.191536995,-0.68,0
10/12/2021,40.4729,-1.22005454,0.59,0
10/13/2021,37.1881,-1.22936222,0.65,1
10/14/2021,45.7746,-1.16893508,1.54,1
10/15/2021,51.5088,-1.045519482,0.54,1
10/18/2021,66.1322,-0.865650809,-0.87,1
10/19/2021,69.1116,-0.632965572,0.42,1
10/20/2021,71.1872,-0.384950969,0.15,0
10/21/2021,68.785,-0.129719975,-0.48,1
10/22/2021,80.9695,0.108175211,-0.06,0
10/25/2021,78.9683,0.330783533,0.6,1
10/26/2021,78.2042,0.538566414,1.07,1
10/27/2021,75.1311,0.722703552,0.27,0
10/28/2021,80.8762,0.906247103,0.97,1
10/29/2021,86.5777,1.088739975,-1.58,1
11/1/2021,89.9927,1.254697205,0,0
11/2/2021,90.3453,1.421386025,0.22,1
11/3/2021,88.3205,1.591712357,0.28,1
11/4/2021,89.5019,1.792605293,0.62,1
11/5/2021,89.1183,2.011760733,1.22,1
11/8/2021,88.5163,2.240648031,0.54,1
11/9/2021,86.6995,2.447520981,0.25,0
11/10/2021,69.4348,2.58013856,-1.29,0
11/11/2021,73.677,2.66566652,1.18,1
11/12/2021,76.1222,2.743188885,0.55,1
11/15/2021,74.6193,2.802665115,0.67,0
11/16/2021,77.7906,2.869404466,-0.2,1
11/17/2021,73.1737,2.922520908,-0.33,0
11/18/2021,74.7106,2.984456726,0.97,1
11/19/2021,77.407,3.061654875,0.61,1
11/22/2021,67.821,3.106921237,0.67,0
11/23/2021,64.6897,3.116496913,-0.65,0
11/24/2021,61.9076,3.11572119,-1.01,1
11/26/2021,47.3113,3.033590448,-2.43,0
11/29/2021,54.5918,2.964070046,2.47,1
11/30/2021,52.9485,2.876686949,-0.64,0
12/1/2021,53.9496,2.739277376,1.78,0
12/2/2021,55.3746,2.595882301,-1.54,1
12/3/2021,45.7019,2.405504188,0.48,0
12/6/2021,49.1779,2.215223754,0.48,1
12/7/2021,55.8728,2.122785117,3.32,1
12/8/2021,57.91,2.104283339,0.06,1
12/9/2021,52.1892,2.098462802,-0.43,0
12/10/2021,55.3299,2.150996112,1.8,1
12/13/2021,54.213,2.190966564,0.36,0
12/14/2021,50.6008,2.170822889,-2.08,0
12/15/2021,54.6389,2.180744392,0.14,1
12/16/2021,53.7229,2.125364436,0.65,0
12/17/2021,46.9899,2.009085274,-1.86,0
12/20/2021,45.9016,1.819297404,-2.88,0
12/21/2021,54.1553,1.656087148,1.77,1
12/22/2021,54.9268,1.549735223,-0.23,1
12/23/2021,59.9745,1.496380222,0.23,1
12/27/2021,62.0489,1.534819953,0.69,1
12/28/2021,54.4106,1.610603541,0.33,0
12/29/2021,53.5944,1.704543107,0.06,0
12/30/2021,54.6804,1.782545899,0.07,0
12/31/2021,48.4438,1.828846758,-0.17,0
1/3/2022,55.1429,1.875006767,0.23,1
1/4/2022,56.8949,1.884709976,0.3,0
1/5/2022,41.0453,1.781561896,-1.01,0
1/6/2022,47.1795,1.595466212,-1.34,0
1/7/2022,46.4814,1.33892983,-0.11,0
1/10/2022,50.7668,1.049117584,-2.47,0
1/11/2022,46.1042,0.782999246,-0.43,1
1/12/2022,42.5688,0.556501527,1.25,1
1/13/2022,33.0028,0.295721452,0.87,0
1/14/2022,26.2123,0.048627013,-1.12,1
1/18/2022,23.1214,-0.240545843,-2.41,0
1/19/2022,20.8482,-0.576442443,0.51,0
1/20/2022,20.2003,-0.955568595,1.42,0
1/21/2022,18.726,-1.38967516,-0.38,0
1/24/2022,16.4528,-1.819554916,-2.57,1
1/25/2022,15.5666,-2.277379603,-3.04,0
1/26/2022,21.2866,-2.709329665,4.12,1
1/27/2022,21.1338,-3.112995504,2.47,0
1/28/2022,37.9666,-3.36505913,1.88,1
1/31/2022,44.592,-3.437879152,0.04,1
2/1/2022,42.1291,-3.379998933,0.22,1
2/2/2022,42.9847,-3.214468981,0.35,1
2/3/2022,42.5338,-3.058600667,-2.32,0
2/4/2022,41.3191,-2.899776959,-0.85,1
2/7/2022,45.0246,-2.757729171,0.12,0
2/8/2022,51.5189,-2.596086506,-0.5,1
2/9/2022,59.7749,-2.367921002,2.07,1
2/10/2022,57.7892,-2.173068556,-3.26,0
2/11/2022,49.6923,-2.082215264,0.16,0
2/14/2022,54.6531,-2.057361237,-0.41,0
2/15/2022,58.3851,-2.005553546,2.33,1
2/16/2022,59.7616,-1.937549308,-1.08,0
2/17/2022,44.4259,-1.934325693,-1.48,0
2/18/2022,35.7634,-1.992354473,0.53,0
2/22/2022,33.5171,-2.103687852,-1.6,0
2/23/2022,27.7086,-2.298108202,1.57,0
2/24/2022,41.0215,-2.448925455,-5.06,1
2/25/2022,43.2048,-2.525899804,0.23,1
2/28/2022,44.0951,-2.551265929,-1.64,0
3/1/2022,37.7983,-2.586280034,-0.58,0
3/2/2022,37.332,-2.567440214,1.11,1
3/3/2022,39.8565,-2.539337821,1.3,0
3/4/2022,42.4456,-2.543713627,-1.19,0
3/7/2022,36.6033,-2.649849313,-0.13,0
3/8/2022,28.7417,-2.819330861,-0.39,0
3/9/2022,38.5817,-2.922584958,3.9,1
3/10/2022,40.6741,-3.013896084,-2.64,0
3/11/2022,39.6492,-3.127228022,1.3,0
3/14/2022,38.4523,-3.283891835,-0.66,0
3/15/2022,48.7005,-3.376234524,1.12,1
3/16/2022,48.362,-3.339942624,1.85,1
3/17/2022,47.1156,-3.200243907,-0.81,1
3/18/2022,51.1297,-2.946142801,-0.54,1
3/21/2022,54.1906,-2.636195601,-1.12,0
3/22/2022,53.0091,-2.266065868,0.11,1
3/23/2022,52.2771,-1.910903021,-1.46,0
3/24/2022,60.0422,-1.515406811,0.86,1
3/25/2022,68.7349,-1.113344972,0.25,0
3/28/2022,71.5178,-0.69571283,-0.73,1
3/29/2022,69.7205,-0.234383807,1.87,1
3/30/2022,70.5602,0.195903527,-0.84,0
3/31/2022,70.9378,0.5456006,-0.02,0
4/1/2022,75.6229,0.817711451,0.16,0
4/4/2022,74.2794,1.073087323,0.41,1
4/5/2022,61.8795,1.247896012,-0.7,0
4/6/2022,53.6029,1.300529267,-2.63,0
4/7/2022,49.1672,1.274691097,-0.82,0
4/8/2022,46.7089,1.163656219,-0.69,0
4/11/2022,37.7483,0.941125162,-1.91,0
4/12/2022,39.8475,0.647700977,1.84,0
4/13/2022,36.5617,0.361719401,0.09,1
4/14/2022,32.6647,0.036336286,0.16,0
4/18/2022,29.7188,-0.289110529,-0.72,1
4/19/2022,28.2844,-0.55284368,-0.37,1
4/20/2022,30.2524,-0.76504415,1.45,0
4/21/2022,30.0984,-0.972601561,1.46,0
4/22/2022,26.7814,-1.229883728,-0.16,0
4/25/2022,24.8295,-1.467740104,-0.63,1
4/26/2022,23.3732,-1.763920061,-1.32,0
4/27/2022,30.9202,-2.044083893,1.56,1
4/28/2022,40.7992,-2.204242515,2.23,1
4/29/2022,36.926,-2.373884159,-1.61,0
5/2/2022,43.8027,-2.500864127,-0.16,1
5/3/2022,44.8785,-2.584759503,-0.02,0
5/4/2022,48.3333,-2.550791367,0.56,1
5/5/2022,44.6541,-2.55314918,-2.19,0
5/6/2022,42.9976,-2.590520684,-1.29,0
5/9/2022,35.0859,-2.728766718,-2.54,0
5/10/2022,37.7847,-2.883906359,3.22,1
5/11/2022,36.5124,-3.104011524,-1.24,0
5/12/2022,38.5043,-3.368080425,-1.97,0
5/13/2022,41.0982,-3.56846468,1.79,1
5/16/2022,44.6716,-3.729440207,-1.13,0
5/17/2022,46.6866,-3.786554132,2.9,1
5/18/2022,34.9244,-3.868096285,-1.83,0
5/19/2022,38.4765,-3.974992733,-0.99,0
5/20/2022,35.8963,-4.07849048,1.82,1
5/23/2022,39.6519,-4.117113968,0.41,1
5/24/2022,30.9421,-4.135416372,-1.87,0
5/25/2022,39.4744,-4.106027221,-0.87,1
5/26/2022,45.3827,-3.987714413,-0.78,1
5/27/2022,57.9743,-3.73691038,1.53,1
5/31/2022,54.2184,-3.42380776,-0.55,0
6/1/2022,60.3225,-3.086968254,1.51,0
6/2/2022,66.2313,-2.691787316,-0.99,1
6/3/2022,55.7665,-2.329343655,-2.72,0
6/6/2022,57.7123,-2.000950392,1.76,0
6/7/2022,54.8009,-1.67990973,-1.49,1
6/8/2022,64.1953,-1.40200523,-0.42,0
6/9/2022,59.2852,-1.222179916,-1.02,0
6/10/2022,50.043,-1.194071019,-2.35,0
6/13/2022,38.3391,-1.352502176,-4.13,0
6/14/2022,41.7649,-1.603861188,0.94,1
6/15/2022,43.4991,-1.854194652,1.57,1
6/16/2022,33.1736,-2.170137485,-3.27,0
6/17/2022,26.7017,-2.487666081,-0.02,1
6/21/2022,32.8944,-2.738562794,1.49,1
6/22/2022,32.7908,-2.936917159,-1.39,0
6/23/2022,30.0546,-3.054933716,1.09,1
6/24/2022,41.3492,-3.03557771,1.48,1
6/27/2022,40.3722,-2.938574197,0.43,0
6/28/2022,34.0327,-2.85462924,0.12,0
6/29/2022,35.8386,-2.772615241,-0.16,1
6/30/2022,37.7624,-2.717233084,-1.71,0
7/1/2022,44.3696,-2.670626568,-0.8,1
7/5/2022,56.5508,-2.600349682,-1.73,1
7/6/2022,57.0337,-2.495284571,0.28,1
7/7/2022,57.0784,-2.325317925,0.57,1
7/8/2022,69.8393,-2.117325052,-1.42,0
7/11/2022,63.1882,-1.920772175,-1.16,0
7/12/2022,53.8429,-1.765873869,0.48,0
7/13/2022,54.3092,-1.646603584,-2.43,0
7/14/2022,52.8386,-1.533337445,-1.03,1
7/15/2022,47.329,-1.389741787,1.25,1
7/18/2022,46.4478,-1.251917845,1.3,0
7/19/2022,65.9491,-1.058265425,1.46,1
7/20/2022,68.7752,-0.803696557,0.02,1
7/21/2022,76.7111,-0.491667551,0.17,1
7/22/2022,70.3274,-0.189492588,-0.06,0
7/25/2022,65.6838,0.077217091,-0.06,0
7/26/2022,58.2041,0.272281201,-0.11,0
7/27/2022,62.8716,0.503650071,2.21,1
7/28/2022,65.4637,0.778480308,0.16,1
7/29/2022,71.9667,1.099150545,0.44,1
8/1/2022,75.7013,1.424291287,-1.3,0
8/2/2022,73.9384,1.715669888,-1.24,0
8/3/2022,76.0842,2.027328907,0.7,1
8/4/2022,74.8013,2.341430385,-0.05,1
8/5/2022,77.2044,2.629835934,-2.36,0
8/8/2022,70.1245,2.861080131,-0.13,0
8/9/2022,63.7278,3.014560068,-1.18,0
8/10/2022,66.3437,3.167242809,3.43,1
8/11/2022,69.6947,3.294949652,0.93,0
8/12/2022,74.9301,3.43970361,0.97,1
8/15/2022,81.8581,3.594871041,-0.6,1
8/16/2022,75.5687,3.733696555,-0.69,0
8/17/2022,69.183,3.829261188,-1.38,0
8/18/2022,66.9739,3.896417869,0.15,1
8/19/2022,59.5628,3.889652706,-1.24,0
8/22/2022,52.1739,3.762152361,-2.02,0
8/23/2022,42.8637,3.551023938,-0.28,0
8/24/2022,41.2909,3.291889153,-0.1,0
8/25/2022,48.057,3.047515532,0.37,1
8/26/2022,39.5382,2.718702932,-0.06,0
8/29/2022,38.9979,2.318490373,-1.51,0
8/30/2022,27.6114,1.866246839,0.78,0
8/31/2022,26.8384,1.379625723,0.82,0
9/1/2022,17.3399,0.883292528,-1.32,0
9/2/2022,13.0383,0.376957166,1.39,0
9/6/2022,12.8006,-0.124003473,0.18,0
9/7/2022,20.179,-0.561387707,0.26,1
9/8/2022,19.2148,-0.927376531,-0.99,1
9/9/2022,29.3449,-1.184877932,1.12,1
9/12/2022,40.6454,-1.323082576,0.85,1
9/13/2022,31.5873,-1.494316514,-3.98,0
9/14/2022,32.424,-1.666212238,0.62,1
9/15/2022,24.331,-1.874375033,-1.06,0
9/16/2022,29.3072,-2.101572188,-1.13,0
9/19/2022,33.3978,-2.312353028,-1.6,1
9/20/2022,34.2993,-2.508649996,-1.21,0
9/21/2022,33.3978,-2.711929198,0.67,0
9/22/2022,32.6038,-2.923328658,-0.71,0
9/23/2022,32.7397,-3.148238215,-1.14,0
9/26/2022,32.7645,-3.376370833,-0.38,0
9/27/2022,27.3956,-3.584316378,1.63,0
9/28/2022,29.81,-3.739798083,-0.82,1
9/29/2022,18.8467,-3.897414413,-1.78,0
9/30/2022,10.2851,-4.076237426,-0.49,0
10/3/2022,28.5522,-4.190975359,0.94,1
10/4/2022,38.5775,-4.184406523,2.48,1
10/5/2022,44.7504,-4.08591134,-1.71,1
10/6/2022,44.1426,-3.942241758,-0.33,0
10/7/2022,34.5234,-3.851447842,-2.57,0
10/10/2022,33.026,-3.822164173,0,0
10/11/2022,33.2417,-3.853294586,-0.68,0
10/12/2022,34.3395,-3.917620617,0.09,0
10/13/2022,44.0942,-3.932696908,-3.15,1
10/14/2022,40.692,-3.961076606,0.98,0
10/17/2022,46.284,-3.930481094,2.86,1
10/18/2022,45.8636,-3.839293066,3.12,1
10/19/2022,49.8936,-3.711740569,-1.06,0
10/20/2022,53.7859,-3.558505424,0.04,0
10/21/2022,53.1126,-3.33740287,-0.3,1
10/24/2022,49.0831,-3.05030469,0.53,1
10/25/2022,52.4832,-2.691489486,0.31,1
10/26/2022,49.4624,-2.346028308,-3.24,0
10/27/2022,56.1177,-2.044514561,0.47,0
10/28/2022,67.3496,-1.695538355,0.69,1
10/31/2022,67.5875,-1.358525083,-1.29,0
11/1/2022,66.0804,-1.060651612,1.59,0
11/2/2022,53.4356,-0.870388131,-0.09,0
11/3/2022,53.0774,-0.81299854,-1.71,0
11/4/2022,51.0022,-0.805426115,2.47,1
11/7/2022,52.5131,-0.795411435,0.21,1
11/8/2022,54.7505,-0.763751869,1.02,1
11/9/2022,49.8078,-0.769977372,-1.15,0
11/10/2022,57.6067,-0.639280323,5.97,1
11/11/2022,58.1118,-0.392419285,-0.12,1
11/14/2022,54.1657,-0.102983405,-1.05,0
11/15/2022,59.7178,0.223726641,3,1
11/16/2022,59.1424,0.526966232,-1.03,0
11/17/2022,53.2525,0.801109863,-2.1,0
11/18/2022,56.0772,1.04321292,1.49,0
11/21/2022,55.5175,1.227509159,-0.75,0
11/22/2022,66.2252,1.403479022,0.57,1
11/23/2022,75.2597,1.580632841,-0.29,1
11/25/2022,71.4383,1.733195018,-0.91,0
11/28/2022,62.7769,1.812766138,-1.51,0
11/29/2022,58.682,1.817863314,-0.17,0
11/30/2022,72.3081,1.875574888,-0.06,1
12/1/2022,60.9971,1.961995336,0.13,0
12/2/2022,54.9509,2.044803874,-2.28,0
12/5/2022,52.3587,2.080449619,-1.04,0
12/6/2022,43.2607,2.03445418,-0.14,0
12/7/2022,45.4045,1.924531937,-0.47,0
12/8/2022,49.5696,1.809740883,0.72,1
12/9/2022,47.7498,1.680867846,-0.59,0
12/12/2022,55.6038,1.591722824,0.21,1
12/13/2022,54.0247,1.553731801,4.87,1
12/14/2022,49.6813,1.528065362,-0.13,0
12/15/2022,42.8664,1.427895273,-2.2,0
12/16/2022,44.5228,1.255742307,-0.44,0
12/19/2022,43.3857,1.011768225,-0.35,0
12/20/2022,28.6422,0.736292896,-0.66,0
12/21/2022,33.8055,0.487021094,0.58,1
12/22/2022,30.9282,0.214757155,-1.6,0
12/23/2022,33.9009,-0.056060685,-0.89,0
12/27/2022,36.1874,-0.330473857,-0.43,0
12/28/2022,34.3427,-0.623751392,-0.3,0
12/29/2022,36.9061,-0.861321953,1.19,1
12/30/2022,37.7971,-1.052271745,-1.29,0
1/3/2023,28.8361,-1.220418508,1.33,0
1/4/2023,25.0318,-1.357571251,0.64,1
1/5/2023,23.7616,-1.503304186,-0.62,0
1/6/2023,40.4538,-1.586710949,1.07,1
1/9/2023,47.1861,-1.599930215,1.12,1
1/10/2023,53.5289,-1.552373332,-0.31,1
1/11/2023,57.4486,-1.430578261,0.4,1
1/12/2023,55.3501,-1.250060012,0.2,1
1/13/2023,65.1561,-1.033446006,-1.23,1
1/17/2023,65.9449,-0.793794603,-0.18,1
1/18/2023,64.3303,-0.577420475,0.74,0
1/19/2023,65.8477,-0.40975389,-1.01,0
1/20/2023,66.3112,-0.225269418,0.64,1
1/23/2023,71.0874,0.008302337,0.53,1
1/24/2023,74.6529,0.259420646,-0.76,0
1/25/2023,73.3513,0.503314248,-2.27,0
1/26/2023,83.931,0.762889535,1.31,1
1/27/2023,81.4173,1.026041669,-0.86,1
1/30/2023,69.5695,1.23366125,-1.57,0
1/31/2023,71.1268,1.422613336,0,1
2/1/2023,72.4215,1.637771524,-0.1,1
2/2/2023,75.537,1.91497021,2.38,1
2/3/2023,71.7257,2.193173104,-2.46,0
2/6/2023,66.5314,2.424821738,-1.57,0
2/7/2023,74.4725,2.665461455,0.21,1
2/8/2023,73.9101,2.865445612,0.28,0
2/9/2023,68.3176,3.010488777,2.19,0
2/10/2023,62.5467,3.096260707,-1.05,0
2/13/2023,66.1254,3.172098495,0.55,1
2/14/2023,67.5867,3.240236553,-0.67,1
2/15/2023,65.7064,3.303280963,-0.87,1
2/16/2023,58.9659,3.312412997,-2.09,0
2/17/2023,60.84,3.251486106,-1.01,0
2/21/2023,50.9684,3.08946207,-1.87,0
2/22/2023,44.2524,2.862333478,0.28,0
2/23/2023,40.5741,2.635838211,2.54,1
2/24/2023,38.4647,2.376198141,-2.46,0
2/27/2023,43.1837,2.115625198,1.37,1
2/28/2023,32.811,1.85851895,-0.44,0
3/1/2023,34.0274,1.596873138,0.06,0
3/2/2023,40.6706,1.369102199,-0.37,1
3/3/2023,49.4755,1.218448568,0.88,1
3/6/2023,45.2652,1.131940453,0.9,1
3/7/2023,40.2066,1.059672254,-0.11,0
3/8/2023,41.4688,1.016050146,0.49,1
3/9/2023,42.382,0.958285438,0.22,0
3/10/2023,41.1611,0.853731186,-0.2,0
3/13/2023,50.0246,0.735191503,-0.85,1
3/14/2023,57.2165,0.662680828,1.76,1
3/15/2023,52.7962,0.622587343,-1.53,0
3/16/2023,66.7849,0.6660364,-0.49,1
3/17/2023,65.0772,0.754861717,0.28,0
3/20/2023,66.0854,0.866867951,-0.57,0
3/21/2023,70.8884,1.004063339,0.78,1
3/22/2023,63.9503,1.124591969,0,0
3/23/2023,62.891,1.262966504,1.83,1
3/24/2023,62.3739,1.408456807,-0.46,1
3/27/2023,64.2893,1.529541645,0.22,0
3/28/2023,59.9899,1.614647007,-0.25,0
3/29/2023,71.6353,1.717241994,1.81,1
3/30/2023,82.7586,1.848789051,1.36,1
3/31/2023,83.8785,2.021355931,-0.18,1
4/3/2023,80.0433,2.202150863,-0.92,0
4/4/2023,76.5073,2.360364096,0.22,0
4/5/2023,63.4175,2.46346796,-0.71,0
4/6/2023,65.8744,2.534412432,-1.08,1
4/10/2023,65.4412,2.574428202,-1.48,0
4/11/2023,58.0915,2.564756943,-0.26,0
4/12/2023,60.1039,2.505202491,1,0
4/13/2023,61.0045,2.455349854,0.57,1
4/14/2023,57.4023,2.395353082,-0.84,0
4/17/2023,62.4005,2.335299181,0.19,1
4/18/2023,65.841,2.280374011,1.14,1
4/19/2023,56.9397,2.219484866,-1.35,0
4/20/2023,47.7208,2.137355543,-1.37,0
4/21/2023,36.8846,2.033689058,-0.65,0
4/24/2023,35.7031,1.906952306,-0.59,0
4/25/2023,30.2449,1.717956112,-0.72,0
4/26/2023,43.1789,1.530071279,2.53,1
4/27/2023,50.3933,1.398703607,0.69,1
4/28/2023,54.757,1.332304532,0,1
5/1/2023,59.2346,1.30850657,-0.12,0
5/2/2023,57.4194,1.287179611,0.18,0
5/3/2023,46.4098,1.245483117,0.18,0
5/4/2023,46.7372,1.179038848,-0.59,0
5/5/2023,55.0818,1.156910344,1.43,1
5/8/2023,53.8151,1.159804928,-0.29,0
5/9/2023,51.9006,1.157081209,-0.83,0
5/10/2023,58.3996,1.177538186,1.31,1
5/11/2023,57.8581,1.197919136,-0.25,0
5/12/2023,59.0909,1.211262847,0.26,0
5/15/2023,71.3989,1.23667856,0.15,1
5/16/2023,68.1159,1.268062504,-0.21,0
5/17/2023,66.0074,1.331039313,0.64,1
5/18/2023,68.9616,1.457898816,0.19,1
5/19/2023,68.5311,1.613708915,0.04,0
5/22/2023,74.9247,1.780605219,-0.47,0
5/23/2023,70.3851,1.904469013,-0.79,0
5/24/2023,68.712,1.972339014,-1.23,0
5/25/2023,72.132,2.091510115,4.1,1
5/26/2023,77.4818,2.304414225,0.41,1
5/30/2023,81.9592,2.573695243,2.42,1
5/31/2023,75.8836,2.836312993,-0.95,0
6/1/2023,79.5527,3.101166822,-0.52,1
6/2/2023,80.9228,3.361626616,0.98,1
6/5/2023,76.9412,3.582700515,-0.1,0
6/6/2023,76.6745,3.758695163,-0.4,0
6/7/2023,67.4797,3.849075302,-0.32,0
6/8/2023,65.6301,3.900522543,0.24,1
6/9/2023,66.9313,3.92906299,0.8,1
6/12/2023,70.7719,3.990390077,1.14,1
6/13/2023,77.9412,4.076390471,1.51,1
6/14/2023,82.5306,4.192136185,-0.2,1
6/15/2023,79.8507,4.346322186,-0.7,1
6/16/2023,70.0143,4.483638622,1.66,0
6/20/2023,63.8504,4.568553812,-1.35,0
6/21/2023,60.6047,4.565236647,-0.66,0
6/22/2023,60.0976,4.518403038,-0.76,1
6/23/2023,53.7345,4.406935236,-2.1,0
6/26/2023,53.1672,4.231450161,0.15,0
6/27/2023,58.9829,4.068044758,0.67,1
6/28/2023,65.1059,3.913100186,-0.95,0
6/29/2023,62.8844,3.767448727,0.18,0
6/30/2023,65.7063,3.670066536,1.7,1
7/3/2023,58.8966,3.593775563,-0.03,0
7/5/2023,54.0615,3.50944129,-1.21,0
7/6/2023,48.9019,3.409148816,-1.7,0
7/7/2023,41.0095,3.284375597,-0.28,0
7/10/2023,45.7571,3.15049287,-0.62,1
7/11/2023,51.0966,3.016641357,0.36,1
7/12/2023,64.9263,2.914061701,1.72,1
7/13/2023,66.7443,2.866034823,1.19,1
7/14/2023,73.5558,2.844037795,0.44,0
7/17/2023,82.491,2.868924193,0.33,1
7/18/2023,81.03,2.94758069,-0.41,1
7/19/2023,78.5851,3.041918319,0.45,0
7/20/2023,63.3825,3.076929743,-1.15,0
7/21/2023,56.9419,3.064472452,1.12,0
7/24/2023,59.0546,3.020877038,0.78,0
7/25/2023,67.5174,2.985392926,0.57,1
7/26/2023,60.6882,2.911758044,-1.87,0
7/27/2023,61.4572,2.803297823,2.38,0
7/28/2023,65.0383,2.710437189,1.63,1
7/31/2023,65.1052,2.632585658,0.16,1
8/1/2023,62.1173,2.567008778,-0.58,0
8/2/2023,45.2848,2.436193809,-1.57,0
8/3/2023,44.353,2.254466192,-1.42,0
8/4/2023,33.8944,2.00756317,-0.59,0
8/7/2023,28.9139,1.735835008,0.72,1
8/8/2023,27.7335,1.43777522,-1.2,0
8/9/2023,29.6687,1.100459371,0.23,0
8/10/2023,29.8741,0.754032155,1.28,0
8/11/2023,27.0452,0.398552332,-1.34,0
8/14/2023,29.225,0.097563713,-0.17,1
8/15/2023,30.2562,-0.180358795,-0.5,0
8/16/2023,28.742,-0.454370746,-0.36,0
8/17/2023,18.4549,-0.73573985,0.74,0
8/18/2023,17.828,-1.001304939,-1.67,0
8/21/2023,27.7261,-1.190504429,0.85,1
8/22/2023,33.7622,-1.322239231,1.51,0
8/23/2023,44.092,-1.359694991,0.41,1
8/24/2023,41.1059,-1.395856361,2.15,0
8/25/2023,44.0326,-1.399006848,0.67,1
8/28/2023,49.5327,-1.356095885,1.28,1
8/29/2023,60.4183,-1.229068586,-0.49,1
8/30/2023,62.3017,-1.032276198,0.03,1
8/31/2023,66.3922,-0.786158565,0.4,1
9/1/2023,63.4959,-0.511619519,1.1,1
9/5/2023,68.9728,-0.222440905,-0.44,1
9/6/2023,68.1914,0.031426515,-0.69,0
9/7/2023,65.5771,0.209417114,-3.25,0
9/8/2023,65.7292,0.335785315,-0.01,1
9/11/2023,62.3233,0.43676682,1.52,1
9/12/2023,55.1172,0.465290927,-1.45,0
9/13/2023,50.0435,0.452704768,-0.07,1
9/14/2023,62.8079,0.433762947,1.05,1
9/15/2023,50.4336,0.358032731,-0.62,0
9/18/2023,48.2364,0.257042012,-0.85,1
9/19/2023,37.9955,0.14349085,-0.72,0
9/20/2023,28.4061,-0.014746206,0.46,0
9/21/2023,21.9807,-0.233187073,-1.75,0
9/22/2023,21.2579,-0.471795965,0.72,1
9/25/2023,20.8721,-0.701006353,-0.42,1
9/26/2023,19.8047,-0.958097235,-1.08,0
9/27/2023,23.4529,-1.213013638,0.78,0
9/28/2023,26.4735,-1.432091701,-0.77,1
9/29/2023,25.2033,-1.605024051,1.61,1
10/2/2023,36.7414,-1.708229818,0.08,1
10/3/2023,30.4306,-1.803260603,-0.94,0
10/4/2023,32.9916,-1.851688337,0.13,1
10/5/2023,39.7387,-1.860637176,-0.01,0
10/6/2023,47.3108,-1.790832382,-1.13,1
10/9/2023,49.6099,-1.657363608,-1.03,1
10/10/2023,57.0913,-1.483062523,0.12,0
10/11/2023,68.6211,-1.263877055,0.52,1
10/12/2023,68.294,-1.022615652,0.15,0
10/13/2023,59.1563,-0.816922373,0.34,0
10/16/2023,72.0213,-0.616597201,0.28,1
10/17/2023,68.7177,-0.441336671,-2.14,0
10/18/2023,60.9132,-0.317728406,-1.19,0
10/19/2023,56.9602,-0.247566603,0.67,0
10/20/2023,45.9093,-0.259009203,-0.08,0
10/23/2023,53.3298,-0.317378349,-1.02,0
10/24/2023,50.9793,-0.383348477,0.65,1
10/25/2023,45.3571,-0.480861873,0.79,0
10/26/2023,29.5466,-0.641715962,0.29,0
10/27/2023,29.7613,-0.817538325,0.98,1
10/30/2023,34.6408,-0.964061139,0.85,1
10/31/2023,33.3494,-1.063834182,0.08,1
11/1/2023,41.7929,-1.076074915,0.29,1
11/2/2023,52.8583,-0.985206822,1.51,1
11/3/2023,53.1108,-0.804309858,-0.17,1
11/6/2023,56.9687,-0.556605783,0.23,1
11/7/2023,64.2569,-0.2485909,0.46,1
11/8/2023,68.1727,0.097440441,0.6,1
11/9/2023,74.1553,0.43585552,0.26,0
11/10/2023,78.3217,0.823674872,1.06,1
11/13/2023,74.3817,1.203500278,-0.75,0
11/14/2023,82.6193,1.6126184,2.73,1
11/15/2023,92.7576,2.018644015,0.81,0
11/16/2023,92.7519,2.411364392,-0.36,1
11/17/2023,90.7975,2.763599588,-0.41,0
11/20/2023,91.3261,3.107975106,0.23,1
11/21/2023,84.5488,3.398356267,-0.84,0
11/22/2023,83.1536,3.645009632,1.16,1
11/24/2023,80.3067,3.83727398,-0.31,0
11/27/2023,79.1392,3.976464063,-0.26,0
11/28/2023,77.3751,4.071612531,-0.62,0
11/29/2023,76.2673,4.127122318,1.35,0
11/30/2023,80.3688,4.149778577,0.77,0
12/1/2023,73.9336,4.147897874,-0.48,1
12/4/2023,67.4838,4.08522559,-1.85,0
12/5/2023,60.4386,3.995974506,-0.98,1
12/6/2023,52.3174,3.860746513,1.15,0
12/7/2023,56.7664,3.730409339,0.87,1
12/8/2023,62.664,3.626675746,-0.4,1
12/11/2023,59.9859,3.562794418,-0.55,1
12/12/2023,70.0072,3.539063174,-0.69,1
12/13/2023,71.7274,3.56031889,0.45,1
12/14/2023,71.1989,3.593044038,0.15,0
12/15/2023,72.9849,3.638369463,-0.2,1
12/18/2023,72.6403,3.683317046,-0.46,0
12/19/2023,73.6325,3.728923277,-0.04,1
12/20/2023,61.9249,3.717625262,-0.22,0
12/21/2023,65.0824,3.696762714,1.93,1
12/22/2023,73.4551,3.666561886,0.55,0
12/26/2023,73.0202,3.636497878,0.12,1
12/27/2023,79.7733,3.599647773,0.1,0
12/28/2023,77.0481,3.555941207,0.68,0
12/29/2023,71.1176,3.492710501,0.1,0
1/2/2024,47.5276,3.332186249,-2.62,0
1/3/2024,38.7675,3.081027573,-1.71,0
1/4/2024,29.9316,2.757506859,-1.14,0
1/5/2024,30.6659,2.398507874,0.21,0
1/8/2024,42.8778,2.104333834,0.93,1
1/9/2024,43.2871,1.866202025,-1.45,0
1/10/2024,45.5754,1.697112821,0.09,1
1/11/2024,54.9069,1.59176984,0.94,1
1/12/2024,51.1983,1.538167782,0.31,1
1/16/2024,51.802,1.523958165,-0.24,1
1/17/2024,47.1185,1.516553755,-1.43,0
1/18/2024,56.2334,1.572409013,2.56,1
1/19/2024,63.197,1.733356758,1.28,1
1/22/2024,65.7595,1.961826506,0.98,1
1/23/2024,81.4024,2.229092654,0.19,1
1/24/2024,89.4831,2.523761186,1.39,1
1/25/2024,95.44,2.827967081,1.87,1
1/26/2024,86.3805,3.078265448,-1.43,0
1/29/2024,84.6226,3.304154247,0.25,1
1/30/2024,78.1961,3.468567883,-0.07,0
1/31/2024,63.8005,3.510278951,-1.92,0
2/1/2024,65.8392,3.504621725,0.79,1
2/2/2024,67.5809,3.494609429,-1.36,1
2/5/2024,67.5581,3.48176643,0.82,1
2/6/2024,67.6056,3.445049196,0.22,0
2/7/2024,66.1516,3.430039159,1.42,1
2/8/2024,60.532,3.431814697,0.35,1
2/9/2024,63.4776,3.480230419,0.86,1
2/12/2024,58.4746,3.522201146,-0.01,0
2/13/2024,49.1272,3.494063836,-4.47,0
2/14/2024,51.3292,3.449318855,1.51,1
2/15/2024,54.9234,3.381788018,0.27,0
2/16/2024,48.1239,3.265813445,0.55,0
2/20/2024,47.4668,3.085245311,-1.19,0
2/21/2024,53.159,2.8465224,-1.94,0
2/22/2024,59.6953,2.681398443,5.15,1
2/23/2024,55.5881,2.557291387,1.63,0
2/26/2024,55.1609,2.462761125,0.9,0
2/27/2024,57.4201,2.388983122,0.56,0
2/28/2024,50.5289,2.311159037,-0.68,0
2/29/2024,53.6232,2.265987084,1.09,1
3/1/2024,55.3598,2.298791892,0.53,1
3/4/2024,58.7685,2.373511929,-0.3,0
3/5/2024,55.1573,2.382533084,-2.08,0
3/6/2024,54.3389,2.370477971,2.15,1
3/7/2024,60.1549,2.392612752,1.77,1
3/8/2024,57.7246,2.379626185,0.38,0
3/11/2024,60.6452,2.330789347,-0.95,0
3/12/2024,68.1468,2.324376745,1.99,1
3/13/2024,55.2678,2.303217199,-0.64,0
3/14/2024,56.2883,2.269312451,0.88,0
3/15/2024,50.228,2.173767967,-3,0
3/18/2024,51.0099,2.050332493,1.46,1
3/19/2024,54.2665,1.928284281,-1.01,1
3/20/2024,54.3249,1.846122841,0.16,1
3/21/2024,48.3394,1.791454172,2.24,0
3/22/2024,48.4696,1.753916982,0.01,0
3/25/2024,56.1301,1.702911065,-1.99,0
3/26/2024,50.9694,1.628534947,0.75,0
3/27/2024,45.8095,1.55660968,1.31,1
3/28/2024,52.5109,1.479263685,-0.49,0
4/1/2024,55.6465,1.408456707,0.44,1
4/2/2024,37.0186,1.310181543,-2.32,0
4/3/2024,45.3027,1.205630359,-1.04,1
4/4/2024,36.7405,1.047547874,1.98,0
4/5/2024,52.4405,0.89914571,0.89,1
4/8/2024,49.7251,0.758712077,0.13,0
4/9/2024,49.6328,0.645498062,1.06,1
4/10/2024,34.9638,0.513284204,-2.36,0
4/11/2024,47.4634,0.440176165,0.91,1
4/12/2024,40.5712,0.353017775,-2.49,0
4/15/2024,36.7021,0.198595064,1.26,0
4/16/2024,38.5214,0.013483894,0.44,0
4/17/2024,32.0871,-0.227616456,0.74,0
4/18/2024,30.0987,-0.526868602,-0.06,0
4/19/2024,25.1523,-0.910296419,-0.75,0
4/22/2024,30.6605,-1.296867651,1.48,1
4/23/2024,35.2924,-1.616239871,0.81,1
4/24/2024,40.6462,-1.858708319,1.46,1
4/25/2024,35.5345,-2.042888404,-2.47,0
4/26/2024,40.2087,-2.140644944,1.56,1
4/29/2024,39.8765,-2.160508561,1.03,1
4/30/2024,37.6896,-2.1961034,-0.69,0
5/1/2024,27.4224,-2.266755338,-1.05,0
5/2/2024,36.7805,-2.305837935,2.48,1
5/3/2024,51.5507,-2.230239493,5.33,1
5/6/2024,54.4837,-2.043669515,0.77,1
5/7/2024,58.1697,-1.803356557,0.6,0
5/8/2024,63.1445,-1.528592368,-0.73,1
5/9/2024,72.3296,-1.244111701,-0.33,0
5/10/2024,71.326,-0.953492941,1.07,1
5/13/2024,69.0961,-0.656612674,1.51,1
5/14/2024,70.2236,-0.340677634,-0.07,1
5/15/2024,75.9328,0.046241415,1.31,1
5/16/2024,72.0453,0.445457269,0.125,0
5/17/2024,69.9677,0.822939104,0.49,0
5/20/2024,84.7726,1.204861106,0.21,1
5/21/2024,92.0099,1.572383061,-0.82,0
5/22/2024,91.1658,1.915687577,0.61,1
5/23/2024,79.7475,2.193530014,2.46,0
5/24/2024,79.0816,2.439495579,0.54,1
5/28/2024,83.1096,2.661545832,1.22,1
5/29/2024,76.4863,2.829042437,-2.28,0
5/30/2024,60.7401,2.868940826,-2.39,0
5/31/2024,60.0087,2.825497646,0.62,0
6/3/2024,59.2314,2.734110909,1.61,1
6/4/2024,56.5647,2.618253074,-0.11,1
6/5/2024,56.5647,2.561989371,1.67,1
6/6/2024,56.618,2.528701079,0.12,0
6/7/2024,58.8899,2.513772144,0.23,1
6/10/2024,54.7619,2.514178632,-0.73,1
6/11/2024,61.9835,2.582582187,-0.55,1
6/12/2024,68.0789,2.761830937,2.185,1
6/13/2024,74.4984,3.023262882,2.09,1
6/14/2024,73.5828,3.329171593,-0.32,1
6/17/2024,75.8966,3.694376118,0.56,1
6/18/2024,79.8711,4.073808036,0.23,0
6/20/2024,87.0414,4.391500446,1.04,0
6/21/2024,85.5197,4.637450884,0.05,0
6/24/2024,68.8283,4.719405075,-2.77,0
6/25/2024,72.0897,4.748610959,1.63,1
6/26/2024,67.1607,4.728253013,-0.34,0
6/27/2024,68.9076,4.668874956,-0.44,0
6/28/2024,68.0967,4.575596705,0.79,0
7/1/2024,69.3089,4.48281361,0.34,1
7/2/2024,66.1121,4.403175508,-1.98,1
7/3/2024,63.7804,4.375214611,-0.33,1
7/5/2024,62.2177,4.382465378,0.26,1
7/8/2024,63.3125,4.426785033,0.75,1
7/9/2024,57.0916,4.478894561,1.195,0
7/10/2024,62.3474,4.577191671,1.61,1
7/11/2024,55.08,4.593924245,0.36,0
7/12/2024,58.8622,4.581211757,0.64,1
7/15/2024,73.752,4.546969431,1.19,0
7/16/2024,66.1096,4.478219751,0.55,0
7/17/2024,46.9038,4.236372637,-5.34,0
7/18/2024,46.746,3.889372967,2.46,0
7/19/2024,42.038,3.429791342,-1.19,0
7/22/2024,47.5256,2.999361963,2.92,1
7/23/2024,44.7482,2.58857334,-0.94,0
7/24/2024,31.1327,2.057034342,-2.94,0
7/25/2024,28.4342,1.436132401,-0.23,0
7/26/2024,30.1809,0.831731437,2.88,1
7/29/2024,29.6828,0.252144739,1.72,0
7/30/2024,21.4711,-0.368394044,0.8,0
7/31/2024,37.4734,-0.839396731,6.48,1
8/1/2024,29.9307,-1.320257229,-0.6,0
8/2/2024,26.6614,-1.87352992,-5.6,0
8/5/2024,24.3356,-2.547724665,-12.815,0
8/6/2024,31.0899,-3.213644449,2.53,1
8/7/2024,29.54,-3.883996339,4.86,0
8/8/2024,38.4472,-4.395548774,3.57,1
8/9/2024,34.405,-4.756055955,-0.12,1
8/12/2024,36.5306,-4.965349084,0.64,1
8/13/2024,48.2666,-4.955946018,2.57,1
8/14/2024,51.027,-4.779999068,1.32,1
8/15/2024,53.61,-4.399396192,2.78,1
8/16/2024,54.6626,-3.89454053,-1.17,0
8/19/2024,61.9325,-3.271160934,-0.52,1
8/20/2024,54.9331,-2.611319772,-0.59,0
8/21/2024,65.4021,-1.936203615,0.14,1
8/22/2024,66.4015,-1.365294512,1.26,0
8/23/2024,79.2677,-0.829559321,2.19,1
8/26/2024,73.0287,-0.386895758,-0.2,0
8/27/2024,79.429,-0.003512111,-1.37,1
8/28/2024,69.1387,0.273646375,-0.29,0
8/29/2024,64.9532,0.437482445,0.06,0
8/30/2024,65.9951,0.566812813,2.37,1
9/3/2024,46.0967,0.504985392,-2.33,0
9/4/2024,44.0895,0.316818721,-2.13,0
9/5/2024,34.6154,0.053501556,-1.51,0
9/6/2024,29.6839,-0.329869381,-0.17,0
9/9/2024,29.1735,-0.714351171,2.53,1
9/10/2024,34.5624,-1.028287211,1.43,1
9/11/2024,42.0991,-1.164653114,0.72,1
9/12/2024,48.8945,-1.15120054,-0.16,1
9/13/2024,46.0906,-1.024376178,0.27,1
9/16/2024,48.1998,-0.844207867,-1.59,0
9/17/2024,46.0607,-0.6449856,2.2,0
9/18/2024,47.2608,-0.474703024,0.55,0
9/19/2024,56.7852,-0.227497851,6.1,1
9/20/2024,52.5149,0.038090212,-0.88,0
9/23/2024,67.4398,0.29417099,-0.2,0
9/24/2024,69.8916,0.554448846,0.93,1
9/25/2024,71.069,0.812660279,-0.44,1
9/26/2024,85.4103,1.101573046,4.38,1
9/27/2024,78.1566,1.35824946,0.32,0
9/30/2024,76.3338,1.588699541,-0.98,1
10/1/2024,54.9347,1.699260634,-0.67,0
10/2/2024,54.655,1.751014577,0.05,1
10/3/2024,54.355,1.773883456,-0.65,1
10/4/2024,59.8614,1.812972825,2.88,1
10/7/2024,57.6243,1.831318276,-1.01,0
10/8/2024,66.7185,1.898215657,1.61,1
10/9/2024,62.1239,2.028394919,0.18,1
10/10/2024,64.4747,2.185833439,-1.54,0
10/11/2024,66.0412,2.353504156,-0.55,0
10/14/2024,67.8061,2.561457319,1.47,1
10/15/2024,56.6777,2.695913714,0.18,0
10/16/2024,53.5102,2.782438435,0.72,1
10/17/2024,58.4605,2.839211093,3.2,1
10/18/2024,58.6847,2.880971102,1.2,1
10/21/2024,73.2461,2.9217968,-0.72,1
10/22/2024,70.6795,2.949408311,-1.23,0
10/23/2024,60.7088,2.907599028,-0.86,0
10/24/2024,57.7978,2.828532299,0.93,1
10/25/2024,63.6061,2.742797091,1.3,1
10/28/2024,55.7615,2.650008392,1.65,0
10/29/2024,56.9478,2.601081624,0.44,1
10/30/2024,48.3444,2.517092211,-2.13,0
10/31/2024,36.2351,2.292208067,-2.52,0
11/1/2024,33.3669,2.012222104,0.24,1
11/4/2024,40.0483,1.705078202,0.21,0
11/5/2024,45.4145,1.443383414,0.69,1
11/6/2024,54.9364,1.323669487,4.38,1
11/7/2024,58.9744,1.361139577,1.62,1
11/8/2024,57.292,1.48791486,-0.3,0
11/11/2024,55.6134,1.639727593,-0.03,0
11/12/2024,61.5224,1.800324095,-0.16,0
11/13/2024,59.2571,1.940821436,-0.5,0
11/14/2024,56.374,2.044168851,0.38,0
11/15/2024,48.0646,2.021299995,-2.9,0
11/18/2024,44.7203,1.927719365,0,1
11/19/2024,52.4698,1.820324256,-1.44,1
11/20/2024,66.0759,1.702560557,0.2,0
11/21/2024,66.8902,1.618083794,2.24,1
11/22/2024,67.4328,1.557125637,-0.42,0
11/25/2024,63.3254,1.510395466,1.76,0
11/26/2024,53.5516,1.490256963,1.06,1
11/27/2024,34.5992,1.433709657,-1.59,0
11/29/2024,41.7746,1.388340602,0.54,1
12/2/2024,50.2298,1.384610673,0.17,1
12/3/2024,51.4567,1.417580316,-1,1
12/4/2024,61.2316,1.537675885,2.96,1
12/5/2024,60.2515,1.683115628,-0.38,0
12/6/2024,78.4075,1.847817861,0.42,1
12/9/2024,72.1371,1.986699503,-0.9,0
12/10/2024,59.7798,2.044620143,-0.81,0
12/11/2024,65.3502,2.0986637,1.87,1
12/12/2024,58.8076,2.121281926,-1.53,0
12/13/2024,60.1945,2.134456353,2.15,1
12/16/2024,63.4833,2.174287161,0.31,1
12/17/2024,58.8776,2.200488587,-1.71,0
12/18/2024,50.9717,2.088271322,0.81,0
12/19/2024,48.0661,1.894407527,2.36,0
12/20/2024,50.015,1.710576015,-1.58,1
12/23/2024,51.8369,1.572434365,0.29,1
12/24/2024,49.0826,1.505835816,0.85,1
12/26/2024,51.2326,1.486690904,-0.77,0
12/27/2024,45.0605,1.44385002,-1.62,0
12/30/2024,43.2127,1.336929588,-3.46,0
12/31/2024,44.9544,1.161292039,0.64,0
1/2/2025,38.1105,0.940369393,1.84,0
1/3/2025,46.6031,0.760808457,1.42,1
1/6/2025,49.5779,0.662714331,2.69,1
1/7/2025,40.1423,0.542892168,1.25,0
1/8/2025,41.6575,0.413218853,0.54,0
1/10/2025,44.8998,0.201859387,-2.46,0
1/13/2025,42.4483,-0.075925798,-3.68,0
1/14/2025,37.3535,-0.371037677,1.76,1
1/15/2025,41.7049,-0.588420165,3.11,1
1/16/2025,35.3234,-0.772905105,1.89,0
1/17/2025,41.2547,-0.867742444,4.16,1
1/21/2025,48.0341,-0.868330003,0.78,1
1/22/2025,58.9452,-0.722796687,3.19,1
1/23/2025,62.5135,-0.484798936,-1.86,0
1/24/2025,59.3662,-0.240422677,0.76,0
1/27/2025,41.3127,-0.191456428,-10.72,0
1/28/2025,44.9053,-0.170256605,1.54,1
1/29/2025,47.6513,-0.197496913,-0.46,0
1/30/2025,48.2042,-0.246360038,-0.41,0
1/31/2025,52.3137,-0.327350943,2.16,0
2/3/2025,50.5952,-0.473105375,-5.11,0
2/4/2025,53.3514,-0.598402856,0.78,1
2/5/2025,52.0334,-0.651732459,0.21,1
2/6/2025,54.7509,-0.645462108,0,1
2/7/2025,48.5331,-0.632761599,0.95,0
2/10/2025,50.1761,-0.561009369,1.84,1
2/11/2025,43.7065,-0.452972395,-1.31,0
2/12/2025,42.5521,-0.334960658,-3.33,0
2/13/2025,49.8297,-0.162832112,0.42,1
2/14/2025,70.5434,0.047486743,-0.2,1
2/18/2025,66.1977,0.305549222,1.24,1
2/19/2025,71.3759,0.579631096,-0.27,0
2/20/2025,68.6591,0.835779797,-0.23,0
2/21/2025,56.7802,0.961013801,0.07,0
2/24/2025,56.31,0.941830854,0.91,0
2/25/2025,45.8709,0.783125892,-0.49,0
2/26/2025,44.5358,0.583232402,2.24,1
2/27/2025,33.4416,0.232495545,1.26,0
2/28/2025,40.38,-0.148024727,-1,1
3/3/2025,28.7787,-0.636375081,1.16,0
3/4/2025,28.4714,-1.167972931,-1.62,0
3/5/2025,33.7958,-1.647168134,0.68,1
3/6/2025,24.6259,-2.162763596,-4.55,0
3/7/2025,28.1727,-2.619438516,-0.25,1
3/10/2025,20.7154,-3.157489822,-4.32,0
3/11/2025,20.3788,-3.724705427,-0.64,0
3/12/2025,25.0294,-4.21964643,3.72,1
3/13/2025,26.1358,-4.69786081,-0.61,0
3/14/2025,35.3412,-5.029621373,2.72,1
3/17/2025,38.8052,-5.216960478,-0.17,1
3/18/2025,34.0821,-5.344398363,-1.53,0
3/19/2025,42.8305,-5.371395666,1.09,1
3/20/2025,38.3509,-5.346191274,-2.44,0
3/21/2025,44.8659,-5.268150514,-2.665,1
3/24/2025,49.1189,-5.090524081,3.18,1
3/25/2025,46.5759,-4.836701234,-0.14,1
3/26/2025,47.8793,-4.61509995,-0.67,0
3/27/2025,42.1171,-4.446222676,-1.46,0
3/28/2025,46.4507,-4.390956929,-1.1,0
3/31/2025,47.5806,-4.398194486,-3.6,0
4/1/2025,45.1332,-4.410112957,-0.82,1
4/2/2025,52.639,-4.389719207,-2.97,1
4/3/2025,28.4695,-4.568284948,-10.04,0
4/4/2025,19.8468,-5.056955675,-6.09,0
4/7/2025,22.7437,-5.685461135,-7.44,1
4/8/2025,17.1828,-6.415216657,6.83,0
4/9/2025,43.7533,-6.770577133,0.37,1
4/10/2025,38.4914,-7.008621356,-7.01,0
4/11/2025,38.7146,-7.081182712,-0.97,1
4/14/2025,39.4868,-7.001201886,6.15,1
4/15/2025,42.3577,-6.802199423,0.31,1
4/16/2025,39.929,-6.634886778,-5.39,0
4/17/2025,41.8848,-6.497837389,1.39,0
4/21/2025,39.4534,-6.451583884,-3.05,0
4/22/2025,41.4904,-6.376888475,2.5,1
4/23/2025,43.971,-6.18472203,7.38,1
4/24/2025,55.7705,-5.79700133,1.95,1
4/25/2025,66.6115,-5.245322008,-0.62,1
4/28/2025,65.8527,-4.613265893,-0.27,0
4/29/2025,69.567,-3.937974236,-1,1
4/30/2025,55.8988,-3.248127503,-4.11,1