Date,Close
1/2/2014,35.39
1/3/2014,35.22
1/6/2014,35.16
1/7/2014,35.48
1/8/2014,35.48
1/9/2014,35.25
1/10/2014,35.32
1/13/2014,34.94
1/14/2014,35.53
1/15/2014,35.96
1/16/2014,35.95
1/17/2014,35.75
1/21/2014,35.93
1/22/2014,35.89
1/23/2014,35.82
1/24/2014,35.13
1/27/2014,34.80
1/28/2014,34.59
1/29/2014,34.32
1/30/2014,34.74
1/31/2014,34.82
2/3/2014,34.09
2/4/2014,34.22
2/5/2014,34.25
2/6/2014,34.63
2/7/2014,35.10
2/10/2014,35.17
2/11/2014,35.60
2/12/2014,35.74
2/13/2014,36.00
2/14/2014,36.07
2/18/2014,36.09
2/19/2014,35.97
2/20/2014,36.09
2/21/2014,35.95
2/24/2014,36.09
2/25/2014,35.99
2/26/2014,36.02
2/27/2014,36.31
2/28/2014,36.35
3/3/2014,35.96
3/4/2014,36.43
3/5/2014,36.48
3/6/2014,36.53
3/7/2014,36.42
3/10/2014,36.36
3/11/2014,36.28
3/12/2014,36.34
3/13/2014,35.85
3/14/2014,35.63
3/17/2014,36.05
3/18/2014,36.52
3/19/2014,36.37
3/20/2014,36.65
3/21/2014,36.31
3/24/2014,36.28
3/25/2014,36.50
3/26/2014,36.06
3/27/2014,35.93
3/28/2014,36.07
3/31/2014,36.35
4/1/2014,36.78
4/2/2014,36.80
4/3/2014,36.62
4/4/2014,35.92
4/7/2014,35.64
4/8/2014,35.96
4/9/2014,36.44
4/10/2014,35.60
4/11/2014,35.20
4/14/2014,35.55
4/15/2014,35.73
4/16/2014,36.08
4/17/2014,36.03
4/21/2014,36.17
4/22/2014,36.32
4/23/2014,35.93
4/24/2014,36.21
4/25/2014,35.75
4/28/2014,36.09
4/29/2014,36.34
4/30/2014,36.45
5/1/2014,36.49
5/2/2014,36.39
5/5/2014,36.58
5/6/2014,36.17
5/7/2014,36.19
5/8/2014,36.29
5/9/2014,36.33
5/12/2014,36.82
5/13/2014,36.84
5/14/2014,36.67
5/15/2014,36.45
5/16/2014,36.68
5/19/2014,36.92
5/20/2014,36.71
5/21/2014,36.96
5/22/2014,37.03
5/23/2014,37.34
5/27/2014,37.66
5/28/2014,37.56
5/29/2014,37.78
5/30/2014,37.82
6/2/2014,37.76
6/3/2014,37.70
6/4/2014,37.77
6/5/2014,38.02
6/6/2014,38.19
6/9/2014,38.31
6/10/2014,38.33
6/11/2014,38.24
6/12/2014,37.91
6/13/2014,38.13
6/16/2014,38.13
6/17/2014,38.22
6/18/2014,38.42
6/19/2014,38.35
6/20/2014,38.09
6/23/2014,38.20
6/24/2014,38.00
6/25/2014,38.15
6/26/2014,38.11
6/27/2014,38.34
6/30/2014,38.35
7/1/2014,38.74
7/2/2014,38.78
7/3/2014,38.95
7/7/2014,38.99
7/8/2014,38.64
7/9/2014,38.83
7/10/2014,38.72
7/11/2014,38.92
7/14/2014,39.20
7/15/2014,39.13
7/16/2014,39.49
7/17/2014,38.98
7/18/2014,39.45
7/21/2014,39.40
7/22/2014,39.73
7/23/2014,39.80
7/24/2014,39.77
7/25/2014,39.72
7/28/2014,39.79
7/29/2014,39.71
7/30/2014,39.75
7/31/2014,39.00
8/1/2014,38.79
8/4/2014,39.07
8/5/2014,38.70
8/6/2014,38.58
8/7/2014,38.42
8/8/2014,38.67
8/11/2014,38.86
8/12/2014,38.84
8/13/2014,39.22
8/14/2014,39.29
8/15/2014,39.29
8/18/2014,39.66
8/19/2014,39.91
8/20/2014,39.91
8/21/2014,40.10
8/22/2014,40.11
8/25/2014,40.15
8/26/2014,40.17
8/27/2014,40.16
8/28/2014,40.10
8/29/2014,40.28
9/2/2014,40.29
9/3/2014,40.07
9/4/2014,40.05
9/5/2014,40.29
9/8/2014,40.35
9/9/2014,40.06
9/10/2014,40.30
9/11/2014,40.39
9/12/2014,40.22
9/15/2014,39.98
9/16/2014,40.28
9/17/2014,40.36
9/18/2014,40.60
9/19/2014,40.34
9/22/2014,40.07
9/23/2014,39.98
9/24/2014,40.24
9/25/2014,39.36
9/26/2014,39.79
9/29/2014,39.78
9/30/2014,39.90
10/1/2014,39.28
10/2/2014,39.26
10/3/2014,39.58
10/6/2014,39.59
10/7/2014,38.97
10/8/2014,39.71
10/9/2014,39.05
10/10/2014,38.05
10/13/2014,37.63
10/14/2014,37.69
10/15/2014,37.43
10/16/2014,37.21
10/17/2014,37.65
10/20/2014,37.92
10/21/2014,38.66
10/22/2014,38.48
10/23/2014,38.91
10/24/2014,39.25
10/27/2014,39.29
10/28/2014,39.83
10/29/2014,39.79
10/30/2014,39.92
10/31/2014,40.54
11/3/2014,40.71
11/4/2014,40.70
11/5/2014,40.81
11/6/2014,40.79
11/7/2014,40.84
11/10/2014,40.95
11/11/2014,40.97
11/12/2014,41.10
11/13/2014,41.32
11/14/2014,41.61
11/17/2014,41.53
11/18/2014,41.67
11/19/2014,41.40
11/20/2014,41.61
11/21/2014,41.67
11/24/2014,41.89
11/25/2014,41.91
11/26/2014,42.29
11/28/2014,42.49
12/1/2014,42.01
12/2/2014,42.02
12/3/2014,42.17
12/4/2014,42.17
12/5/2014,42.12
12/8/2014,41.69
12/9/2014,41.68
12/10/2014,41.05
12/11/2014,41.23
12/12/2014,40.62
12/15/2014,40.37
12/16/2014,39.83
12/17/2014,40.58
12/18/2014,41.74
12/19/2014,41.57
12/22/2014,42.07
12/23/2014,42.18
12/24/2014,42.14
12/26/2014,42.32
12/29/2014,42.11
12/30/2014,41.81
12/31/2014,41.35
1/2/2015,41.27
1/5/2015,40.64
1/6/2015,40.15
1/7/2015,40.49
1/8/2015,41.38
1/9/2015,41.25
1/12/2015,40.77
1/13/2015,40.74
1/14/2015,40.51
1/15/2015,39.99
1/16/2015,40.38
1/20/2015,40.72
1/21/2015,40.79
1/22/2015,41.46
1/23/2015,41.45
1/26/2015,41.28
1/27/2015,40.09
1/28/2015,40.02
1/29/2015,40.40
1/30/2015,39.90
2/2/2015,40.31
2/3/2015,40.77
2/4/2015,40.85
2/5/2015,41.23
2/6/2015,41.10
2/9/2015,41.04
2/10/2015,41.65
2/11/2015,41.81
2/12/2015,42.38
2/13/2015,42.65
2/17/2015,42.67
2/18/2015,42.71
2/19/2015,42.86
2/20/2015,43.08
2/23/2015,43.11
2/24/2015,43.24
2/25/2015,42.97
2/26/2015,43.24
2/27/2015,43.09
3/2/2015,43.43
3/3/2015,43.14
3/4/2015,42.97
3/5/2015,42.92
3/6/2015,42.39
3/9/2015,42.59
3/10/2015,41.72
3/11/2015,41.45
3/12/2015,41.72
3/13/2015,41.49
3/16/2015,41.98
3/17/2015,41.99
3/18/2015,42.56
3/19/2015,42.44
3/20/2015,42.54
3/23/2015,42.54
3/24/2015,42.40
3/25/2015,41.31
3/26/2015,41.34
3/27/2015,41.37
3/30/2015,41.87
3/31/2015,41.44
4/1/2015,41.38
4/2/2015,41.37
4/6/2015,41.77
4/7/2015,41.68
4/8/2015,41.81
4/9/2015,41.92
4/10/2015,42.08
4/13/2015,41.96
4/14/2015,41.83
4/15/2015,42.20
4/16/2015,42.05
4/17/2015,41.47
4/20/2015,42.18
4/21/2015,42.16
4/22/2015,42.59
4/23/2015,42.76
4/24/2015,43.13
4/27/2015,43.25
4/28/2015,43.39
4/29/2015,43.18
4/30/2015,42.58
5/1/2015,43.10
5/4/2015,43.14
5/5/2015,42.47
5/6/2015,42.11
5/7/2015,42.42
5/8/2015,43.03
5/11/2015,42.81
5/12/2015,42.58
5/13/2015,42.76
5/14/2015,43.45
5/15/2015,43.31
5/18/2015,43.52
5/19/2015,43.41
5/20/2015,43.44
5/21/2015,43.63
5/22/2015,43.60
5/26/2015,42.97
5/27/2015,43.78
5/28/2015,43.69
5/29/2015,43.37
6/1/2015,43.49
6/2/2015,43.40
6/3/2015,43.49
6/4/2015,43.09
6/5/2015,42.95
6/8/2015,42.47
6/9/2015,42.37
6/10/2015,43.03
6/11/2015,43.05
6/12/2015,42.67
6/15/2015,42.41
6/16/2015,42.69
6/17/2015,42.71
6/18/2015,43.09
6/19/2015,42.54
6/22/2015,42.89
6/23/2015,42.92
6/24/2015,42.72
6/25/2015,42.62
6/26/2015,42.26
6/29/2015,41.36
6/30/2015,41.40
7/1/2015,41.68
7/2/2015,41.74
7/6/2015,41.57
7/7/2015,41.63
7/8/2015,40.95
7/9/2015,40.79
7/10/2015,41.44
7/13/2015,42.07
7/14/2015,42.23
7/15/2015,42.24
7/16/2015,42.78
7/17/2015,43.44
7/20/2015,43.67
7/21/2015,43.38
7/22/2015,42.68
7/23/2015,42.59
7/24/2015,42.36
7/27/2015,41.98
7/28/2015,42.36
7/29/2015,42.64
7/30/2015,42.72
7/31/2015,42.58
8/3/2015,42.35
8/4/2015,42.10
8/5/2015,42.51
8/6/2015,42.09
8/7/2015,42.12
8/10/2015,42.78
8/11/2015,42.14
8/12/2015,42.33
8/13/2015,42.21
8/14/2015,42.42
8/17/2015,42.66
8/18/2015,42.44
8/19/2015,42.16
8/20/2015,41.13
8/21/2015,39.56
8/24/2015,38.14
8/25/2015,37.70
8/26/2015,39.60
8/27/2015,40.52
8/28/2015,40.60
8/31/2015,40.23
9/1/2015,38.94
9/2/2015,39.88
9/3/2015,39.91
9/4/2015,39.30
9/8/2015,40.40
9/9/2015,39.87
9/10/2015,40.27
9/11/2015,40.46
9/14/2015,40.36
9/15/2015,40.88
9/16/2015,41.05
9/17/2015,40.77
9/18/2015,40.06
9/21/2015,40.46
9/22/2015,39.78
9/23/2015,39.88
9/24/2015,39.88
9/25/2015,39.81
9/28/2015,38.90
9/29/2015,38.73
9/30/2015,39.50
10/1/2015,39.52
10/2/2015,40.08
10/5/2015,40.87
10/6/2015,40.92
10/7/2015,41.11
10/8/2015,41.30
10/9/2015,41.48
10/12/2015,41.53
10/13/2015,41.44
10/14/2015,41.36
10/15/2015,41.89
10/16/2015,41.97
10/19/2015,42.13
10/20/2015,42.02
10/21/2015,41.70
10/22/2015,42.64
10/23/2015,43.83
10/26/2015,43.66
10/27/2015,43.41
10/28/2015,44.06
10/29/2015,43.94
10/30/2015,43.65
11/2/2015,44.04
11/3/2015,44.27
11/4/2015,44.32
11/5/2015,44.19
11/6/2015,44.34
11/9/2015,43.91
11/10/2015,43.62
11/11/2015,43.60
11/12/2015,43.22
11/13/2015,42.37
11/16/2015,43.02
11/17/2015,43.03
11/18/2015,43.68
11/19/2015,43.88
11/20/2015,44.20
11/23/2015,43.94
11/24/2015,43.95
11/25/2015,43.81
11/27/2015,43.91
11/30/2015,43.96
12/1/2015,44.35
12/2/2015,44.07
12/3/2015,43.50
12/4/2015,44.57
12/7/2015,44.35
12/8/2015,44.24
12/9/2015,43.59
12/10/2015,43.71
12/11/2015,42.80
12/14/2015,43.13
12/15/2015,43.32
12/16/2015,43.91
12/17/2015,43.22
12/18/2015,42.17
12/21/2015,42.60
12/22/2015,42.91
12/23/2015,43.27
12/24/2015,43.25
12/28/2015,43.22
12/29/2015,43.81
12/30/2015,43.44
12/31/2015,42.83
1/4/2016,42.27
1/5/2016,42.16
1/6/2016,41.64
1/7/2016,40.41
1/8/2016,40.09
1/11/2016,40.35
1/12/2016,40.83
1/13/2016,39.73
1/14/2016,40.48
1/15/2016,39.34
1/19/2016,39.38
1/20/2016,39.07
1/21/2016,39.29
1/22/2016,40.38
1/25/2016,39.91
1/26/2016,40.30
1/27/2016,39.47
1/28/2016,39.98
1/29/2016,41.24
2/1/2016,41.39
2/2/2016,40.65
2/3/2016,40.60
2/4/2016,40.64
2/5/2016,39.50
2/8/2016,38.93
2/9/2016,38.75
2/10/2016,38.83
2/11/2016,38.73
2/12/2016,39.27
2/16/2016,39.97
2/17/2016,40.79
2/18/2016,40.63
2/19/2016,40.66
2/22/2016,41.20
2/23/2016,40.55
2/24/2016,40.86
2/25/2016,41.37
2/26/2016,41.26
2/29/2016,40.97
3/1/2016,42.19
3/2/2016,42.31
3/3/2016,42.31
3/4/2016,42.42
3/7/2016,42.16
3/8/2016,41.90
3/9/2016,42.26
3/10/2016,42.22
3/11/2016,42.87
3/14/2016,42.92
3/15/2016,43.08
3/16/2016,43.58
3/17/2016,43.74
3/18/2016,43.59
3/21/2016,43.74
3/22/2016,43.75
3/23/2016,43.50
3/24/2016,43.62
3/28/2016,43.51
3/29/2016,44.19
3/30/2016,44.45
3/31/2016,44.36
4/1/2016,44.70
4/4/2016,44.53
4/5/2016,44.10
4/6/2016,44.53
4/7/2016,43.89
4/8/2016,43.89
4/11/2016,43.77
4/12/2016,44.07
4/13/2016,44.52
4/14/2016,44.51
4/15/2016,44.34
4/18/2016,44.53
4/19/2016,44.28
4/20/2016,44.37
4/21/2016,44.21
4/22/2016,43.44
4/25/2016,43.45
4/26/2016,43.24
4/27/2016,43.04
4/28/2016,42.50
4/29/2016,42.13
5/2/2016,42.44
5/3/2016,42.05
5/4/2016,41.92
5/5/2016,41.94
5/6/2016,42.25
5/9/2016,42.25
5/10/2016,42.80
5/11/2016,42.49
5/12/2016,42.37
5/13/2016,42.21
5/16/2016,42.80
5/17/2016,42.37
5/18/2016,42.45
5/19/2016,42.22
5/20/2016,42.73
5/23/2016,42.65
5/24/2016,43.45
5/25/2016,43.75
5/26/2016,43.89
5/27/2016,44.10
5/31/2016,44.19
6/1/2016,44.08
6/2/2016,44.04
6/3/2016,43.94
6/6/2016,44.02
6/7/2016,44.20
6/8/2016,44.29
6/9/2016,44.30
6/10/2016,43.96
6/13/2016,43.47
6/14/2016,43.57
6/15/2016,43.46
6/16/2016,43.55
6/17/2016,43.05
6/20/2016,43.23
6/21/2016,43.53
6/22/2016,43.38
6/23/2016,43.97
6/24/2016,42.28
6/27/2016,41.43
6/28/2016,42.25
6/29/2016,42.90
6/30/2016,43.37
7/1/2016,43.47
7/5/2016,43.15
7/6/2016,43.45
7/7/2016,43.45
7/8/2016,44.13
7/11/2016,44.39
7/12/2016,44.75
7/13/2016,44.76
7/14/2016,45.05
7/15/2016,45.01
7/18/2016,45.31
7/19/2016,45.21
7/20/2016,45.80
7/21/2016,45.56
7/22/2016,45.83
7/25/2016,45.77
7/26/2016,45.87
7/27/2016,46.25
7/28/2016,46.28
7/29/2016,46.45
8/1/2016,46.54
8/2/2016,46.19
8/3/2016,46.35
8/4/2016,46.60
8/5/2016,47.05
8/8/2016,47.04
8/9/2016,47.14
8/10/2016,46.99
8/11/2016,47.16
8/12/2016,47.11
8/15/2016,47.34
8/16/2016,46.99
8/17/2016,46.97
8/18/2016,46.99
8/19/2016,47.02
8/22/2016,47.02
8/23/2016,47.19
8/24/2016,46.93
8/25/2016,47.03
8/26/2016,47.05
8/29/2016,47.23
8/30/2016,47.07
8/31/2016,46.99
9/1/2016,47.14
9/2/2016,47.35
9/6/2016,47.59
9/7/2016,47.71
9/8/2016,47.32
9/9/2016,46.16
9/12/2016,46.93
9/13/2016,46.59
9/14/2016,46.81
9/15/2016,47.58
9/16/2016,47.21
9/19/2016,47.12
9/20/2016,47.09
9/21/2016,47.62
9/22/2016,47.91
9/23/2016,47.49
9/26/2016,47.21
9/27/2016,47.73
9/28/2016,47.82
9/29/2016,47.53
9/30/2016,47.78
10/3/2016,47.64
10/4/2016,47.47
10/5/2016,47.64
10/6/2016,47.75
10/7/2016,47.62
10/10/2016,47.95
10/11/2016,47.41
10/12/2016,47.49
10/13/2016,47.19
10/14/2016,47.37
10/17/2016,47.27
10/18/2016,47.53
10/19/2016,47.62
10/20/2016,47.40
10/21/2016,47.53
10/24/2016,47.99
10/25/2016,47.82
10/26/2016,47.55
10/27/2016,47.49
10/28/2016,47.44
10/31/2016,47.42
11/1/2016,47.01
11/2/2016,46.71
11/3/2016,46.26
11/4/2016,46.18
11/7/2016,47.18
11/8/2016,47.41
11/9/2016,47.35
11/10/2016,46.59
11/11/2016,46.73
11/14/2016,46.02
11/15/2016,46.67
11/16/2016,47.10
11/17/2016,47.40
11/18/2016,47.36
11/21/2016,47.84
11/22/2016,47.99
11/23/2016,47.80
11/25/2016,48.00
11/28/2016,48.04
11/29/2016,48.07
11/30/2016,47.50
12/1/2016,46.52
12/2/2016,46.69
12/5/2016,47.14
12/6/2016,47.28
12/7/2016,48.18
12/8/2016,48.30
12/9/2016,48.65
12/12/2016,48.50
12/13/2016,49.11
12/14/2016,48.94
12/15/2016,49.16
12/16/2016,48.59
12/19/2016,48.94
12/20/2016,49.12
12/21/2016,49.02
12/22/2016,48.92
12/23/2016,48.97
12/27/2016,49.17
12/28/2016,48.73
12/29/2016,48.74
12/30/2016,48.36
1/3/2017,48.79
1/4/2017,48.96
1/5/2017,49.04
1/6/2017,49.40
1/9/2017,49.39
1/10/2017,49.40
1/11/2017,49.63
1/12/2017,49.51
1/13/2017,49.66
1/17/2017,49.47
1/18/2017,49.60
1/19/2017,49.53
1/20/2017,49.80
1/23/2017,49.89
1/24/2017,50.20
1/25/2017,50.68
1/26/2017,50.54
1/27/2017,50.74
1/30/2017,50.33
1/31/2017,50.08
2/1/2017,50.46
2/2/2017,50.36
2/3/2017,50.69
2/6/2017,50.72
2/7/2017,50.92
2/8/2017,51.01
2/9/2017,51.17
2/10/2017,51.32
2/13/2017,51.55
2/14/2017,51.72
2/15/2017,51.89
2/16/2017,52.01
2/17/2017,52.19
2/21/2017,52.46
2/22/2017,52.52
2/23/2017,52.51
2/24/2017,52.63
2/27/2017,52.60
2/28/2017,52.35
3/1/2017,53.09
3/2/2017,52.74
3/3/2017,52.86
3/6/2017,52.78
3/7/2017,52.78
3/8/2017,52.84
3/9/2017,52.83
3/10/2017,53.11
3/13/2017,53.16
3/14/2017,53.04
3/15/2017,53.40
3/16/2017,53.43
3/17/2017,53.34
3/20/2017,53.37
3/21/2017,52.61
3/22/2017,52.94
3/23/2017,52.80
3/24/2017,52.84
3/27/2017,52.84
3/28/2017,53.22
3/29/2017,53.31
3/30/2017,53.41
3/31/2017,53.31
4/3/2017,53.26
4/4/2017,53.30
4/5/2017,53.08
4/6/2017,53.09
4/7/2017,53.06
4/10/2017,52.96
4/11/2017,52.76
4/12/2017,52.58
4/13/2017,52.37
4/17/2017,52.85
4/18/2017,52.84
4/19/2017,52.80
4/20/2017,53.28
4/21/2017,53.17
4/24/2017,53.80
4/25/2017,54.08
4/26/2017,54.02
4/27/2017,54.24
4/28/2017,54.38
5/1/2017,54.79
5/2/2017,54.91
5/3/2017,54.81
5/4/2017,54.77
5/5/2017,54.97
5/8/2017,55.21
5/9/2017,55.28
5/10/2017,55.49
5/11/2017,55.42
5/12/2017,55.56
5/15/2017,55.87
5/16/2017,56.13
5/17/2017,54.60
5/18/2017,54.92
5/19/2017,55.24
5/22/2017,55.68
5/23/2017,55.78
5/24/2017,56.01
5/25/2017,56.41
5/26/2017,56.38
5/30/2017,56.62
5/31/2017,56.53
6/1/2017,56.67
6/2/2017,57.19
6/5/2017,57.24
6/6/2017,57.13
6/7/2017,57.31
6/8/2017,57.44
6/9/2017,56.02
6/12/2017,55.69
6/13/2017,56.09
6/14/2017,55.82
6/15/2017,55.57
6/16/2017,55.25
6/19/2017,56.07
6/20/2017,55.62
6/21/2017,55.93
6/22/2017,55.95
6/23/2017,56.30
6/26/2017,56.00
6/27/2017,55.08
6/28/2017,55.77
6/29/2017,54.77
6/30/2017,54.72
7/3/2017,54.34
7/5/2017,54.88
7/6/2017,54.38
7/7/2017,55.01
7/10/2017,55.41
7/11/2017,55.53
7/12/2017,56.25
7/13/2017,56.36
7/14/2017,56.86
7/17/2017,56.87
7/18/2017,57.13
7/19/2017,57.42
7/20/2017,57.54
7/21/2017,57.47
7/24/2017,57.61
7/25/2017,57.50
7/26/2017,57.72
7/27/2017,57.50
7/28/2017,57.44
7/31/2017,57.16
8/1/2017,57.45
8/2/2017,57.61
8/3/2017,57.48
8/4/2017,57.61
8/7/2017,57.96
8/8/2017,57.88
8/9/2017,57.85
8/10/2017,56.71
8/11/2017,57.10
8/14/2017,58.01
8/15/2017,58.10
8/16/2017,58.27
8/17/2017,57.13
8/18/2017,57.07
8/21/2017,57.05
8/22/2017,57.90
8/23/2017,57.76
8/24/2017,57.71
8/25/2017,57.70
8/28/2017,57.81
8/29/2017,58.06
8/30/2017,58.48
8/31/2017,58.83
9/1/2017,58.78
9/5/2017,58.26
9/6/2017,58.31
9/7/2017,58.51
9/8/2017,58.03
9/11/2017,58.85
9/12/2017,58.99
9/13/2017,58.91
9/14/2017,58.71
9/15/2017,58.74
9/18/2017,58.79
9/19/2017,59.05
9/20/2017,58.81
9/21/2017,58.49
9/22/2017,58.52
9/25/2017,57.83
9/26/2017,58.04
9/27/2017,58.63
9/28/2017,58.70
9/29/2017,59.10
10/2/2017,59.19
10/3/2017,59.33
10/4/2017,59.29
10/5/2017,59.86
10/6/2017,59.95
10/9/2017,60.10
10/10/2017,60.16
10/11/2017,60.36
10/12/2017,60.21
10/13/2017,60.50
10/16/2017,60.72
10/17/2017,60.72
10/18/2017,60.87
10/19/2017,60.69
10/20/2017,61.10
10/23/2017,60.81
10/24/2017,60.98
10/25/2017,60.65
10/26/2017,60.90
10/27/2017,62.54
10/30/2017,62.68
10/31/2017,62.95
11/1/2017,62.96
11/2/2017,62.99
11/3/2017,63.49
11/6/2017,63.63
11/7/2017,63.66
11/8/2017,64.01
11/9/2017,63.50
11/10/2017,63.50
11/13/2017,63.48
11/14/2017,63.35
11/15/2017,62.88
11/16/2017,63.76
11/17/2017,63.35
11/20/2017,63.59
11/21/2017,64.26
11/22/2017,64.14
11/24/2017,64.50
11/27/2017,64.50
11/28/2017,64.71
11/29/2017,63.28
11/30/2017,63.84
12/1/2017,63.51
12/4/2017,62.49
12/5/2017,62.51
12/6/2017,62.91
12/7/2017,63.30
12/8/2017,63.60
12/11/2017,64.15
12/12/2017,64.13
12/13/2017,64.15
12/14/2017,64.07
12/15/2017,64.56
12/18/2017,65.13
12/19/2017,64.73
12/20/2017,64.71
12/21/2017,64.58
12/22/2017,64.54
12/26/2017,64.11
12/27/2017,64.18
12/28/2017,64.29
12/29/2017,63.95
1/2/2018,64.74
1/3/2018,65.28
1/4/2018,65.61
1/5/2018,66.30
1/8/2018,66.55
1/9/2018,66.38
1/10/2018,66.15
1/11/2018,66.42
1/12/2018,66.81
1/16/2018,66.55
1/17/2018,67.55
1/18/2018,67.67
1/19/2018,67.80
1/22/2018,68.46
1/23/2018,68.76
1/24/2018,68.23
1/25/2018,68.11
1/26/2018,69.19
1/29/2018,68.56
1/30/2018,67.94
1/31/2018,68.45
2/1/2018,68.51
2/2/2018,66.48
2/5/2018,63.70
2/6/2018,65.53
2/7/2018,64.69
2/8/2018,62.01
2/9/2018,63.53
2/12/2018,64.67
2/13/2018,64.83
2/14/2018,66.02
2/15/2018,67.28
2/16/2018,67.18
2/20/2018,67.24
2/21/2018,66.81
2/22/2018,66.89
2/23/2018,68.29
2/26/2018,69.36
2/27/2018,68.66
2/28/2018,68.17
3/1/2018,67.04
3/2/2018,67.68
3/5/2018,68.37
3/6/2018,68.52
3/7/2018,68.90
3/8/2018,69.20
3/9/2018,70.51
3/12/2018,70.73
3/13/2018,69.92
3/14/2018,69.86
3/15/2018,69.90
3/16/2018,69.61
3/19/2018,68.23
3/20/2018,68.20
3/21/2018,67.79
3/22/2018,66.04
3/23/2018,64.28
3/26/2018,66.72
3/27/2018,64.58
3/28/2018,64.15
3/29/2018,65.42
4/2/2018,63.86
4/3/2018,64.49
4/4/2018,65.39
4/5/2018,65.66
4/6/2018,64.05
4/9/2018,64.55
4/10/2018,66.14
4/11/2018,65.75
4/12/2018,66.54
4/13/2018,66.32
4/16/2018,66.83
4/17/2018,68.07
4/18/2018,67.89
4/19/2018,67.14
4/20/2018,66.21
4/23/2018,65.97
4/24/2018,64.82
4/25/2018,64.83
4/26/2018,66.01
4/27/2018,65.89
4/30/2018,65.46
5/1/2018,66.28
5/2/2018,66.21
5/3/2018,66.36
5/4/2018,67.62
5/7/2018,68.09
5/8/2018,68.24
5/9/2018,69.08
5/10/2018,69.98
5/11/2018,69.88
5/14/2018,69.87
5/15/2018,69.21
5/16/2018,69.52
5/17/2018,69.16
5/18/2018,68.87
5/21/2018,69.47
5/22/2018,69.37
5/23/2018,69.88
5/24/2018,69.80
5/25/2018,69.75
5/29/2018,69.37
5/30/2018,69.88
5/31/2018,69.90
6/1/2018,71.09
6/4/2018,71.66
6/5/2018,71.91
6/6/2018,72.38
6/7/2018,71.80
6/8/2018,71.68
6/11/2018,71.76
6/12/2018,72.11
6/13/2018,71.74
6/14/2018,72.25
6/15/2018,71.72
6/18/2018,71.80
6/19/2018,71.43
6/20/2018,71.58
6/21/2018,71.03
6/22/2018,70.80
6/25/2018,69.33
6/26/2018,69.61
6/27/2018,68.66
6/28/2018,69.50
6/29/2018,69.47
7/2/2018,70.09
7/3/2018,69.26
7/5/2018,70.24
7/6/2018,71.06
7/9/2018,71.60
7/10/2018,71.77
7/11/2018,71.49
7/12/2018,72.62
7/13/2018,72.54
7/16/2018,72.37
7/17/2018,72.91
7/18/2018,72.79
7/19/2018,72.53
7/20/2018,72.55
7/23/2018,72.92
7/24/2018,73.32
7/25/2018,74.24
7/26/2018,73.10
7/27/2018,71.85
7/30/2018,70.73
7/31/2018,70.92
8/1/2018,71.56
8/2/2018,72.46
8/3/2018,72.72
8/6/2018,73.11
8/7/2018,73.39
8/8/2018,73.59
8/9/2018,73.62
8/10/2018,73.03
8/13/2018,72.93
8/14/2018,73.38
8/15/2018,72.72
8/16/2018,73.04
8/17/2018,73.15
8/20/2018,73.04
8/21/2018,73.16
8/22/2018,73.38
8/23/2018,73.54
8/24/2018,74.28
8/27/2018,74.96
8/28/2018,75.09
8/29/2018,75.77
8/30/2018,75.54
8/31/2018,75.60
9/4/2018,75.31
9/5/2018,74.37
9/6/2018,73.83
9/7/2018,73.58
9/10/2018,73.81
9/11/2018,74.44
9/12/2018,74.13
9/13/2018,75.00
9/14/2018,74.94
9/17/2018,74.00
9/18/2018,74.47
9/19/2018,74.28
9/20/2018,75.16
9/21/2018,74.61
9/24/2018,74.98
9/25/2018,74.89
9/26/2018,74.61
9/27/2018,75.05
9/28/2018,75.33
10/1/2018,75.69
10/2/2018,75.70
10/3/2018,75.93
10/4/2018,74.56
10/5/2018,73.62
10/8/2018,72.79
10/9/2018,73.05
10/10/2018,69.51
10/11/2018,68.63
10/12/2018,70.83
10/15/2018,69.67
10/16/2018,71.77
10/17/2018,71.44
10/18/2018,70.04
10/19/2018,70.01
10/22/2018,70.59
10/23/2018,70.32
10/24/2018,67.17
10/25/2018,69.48
10/26/2018,68.09
10/29/2018,66.94
10/30/2018,67.69
10/31/2018,69.30
11/1/2018,70.11
11/2/2018,68.74
11/5/2018,68.67
11/6/2018,69.10
11/7/2018,71.13
11/8/2018,71.07
11/9/2018,69.84
11/12/2018,67.38
11/13/2018,67.46
11/14/2018,66.65
11/15/2018,68.32
11/16/2018,68.21
11/19/2018,65.61
11/20/2018,64.20
11/21/2018,64.67
11/23/2018,64.08
11/26/2018,65.53
11/27/2018,65.66
11/28/2018,67.96
11/29/2018,67.30
11/30/2018,67.94
12/3/2018,69.44
12/4/2018,66.81
12/6/2018,66.96
12/7/2018,64.60
12/10/2018,65.49
12/11/2018,65.57
12/12/2018,66.08
12/13/2018,66.19
12/14/2018,64.57
12/17/2018,63.20
12/18/2018,63.70
12/19/2018,62.44
12/20/2018,61.32
12/21/2018,59.20
12/24/2018,57.62
12/26/2018,61.10
12/27/2018,61.54
12/28/2018,61.40
12/31/2018,61.98
1/2/2019,62.02
1/3/2019,58.89
1/4/2019,61.50
1/7/2019,62.05
1/8/2019,62.57
1/9/2019,63.38
1/10/2019,63.66
1/11/2019,63.54
1/14/2019,62.95
1/15/2019,63.90
1/16/2019,63.96
1/17/2019,64.37
1/18/2019,65.35
1/22/2019,64.25
1/23/2019,64.47
1/24/2019,65.01
1/25/2019,65.93
1/28/2019,65.05
1/29/2019,64.35
1/30/2019,66.35
1/31/2019,66.28
2/1/2019,66.67
2/4/2019,67.74
2/5/2019,68.31
2/6/2019,68.54
2/7/2019,67.60
2/8/2019,67.99
2/11/2019,67.96
2/12/2019,68.86
2/13/2019,68.95
2/14/2019,69.07
2/15/2019,69.62
2/19/2019,69.64
2/20/2019,69.72
2/21/2019,69.75
2/22/2019,70.64
2/25/2019,70.98
2/26/2019,71.13
2/27/2019,71.06
2/28/2019,70.86
3/1/2019,71.34
3/4/2019,71.07
3/5/2019,70.86
3/6/2019,70.49
3/7/2019,69.82
3/8/2019,69.81
3/11/2019,71.31
3/12/2019,71.73
3/13/2019,72.20
3/14/2019,72.35
3/15/2019,72.99
3/18/2019,73.30
3/19/2019,73.45
3/20/2019,73.25
3/21/2019,75.09
3/22/2019,73.32
3/25/2019,73.00
3/26/2019,73.40
3/27/2019,72.98
3/28/2019,73.28
3/29/2019,74.00
4/1/2019,75.01
4/2/2019,75.27
4/3/2019,75.88
4/4/2019,75.56
4/5/2019,75.92
4/8/2019,76.21
4/9/2019,75.85
4/10/2019,76.38
4/11/2019,76.28
4/12/2019,76.81
4/15/2019,76.78
4/16/2019,77.17
4/17/2019,77.60
4/18/2019,77.82
4/22/2019,78.00
4/23/2019,78.85
4/24/2019,78.88
4/25/2019,78.86
4/26/2019,78.56
4/29/2019,78.58
4/30/2019,78.71
5/1/2019,78.51
5/2/2019,78.10
5/3/2019,78.84
5/6/2019,78.23
5/7/2019,76.55
5/8/2019,76.46
5/9/2019,75.94
5/10/2019,76.18
5/13/2019,73.31
5/14/2019,74.49
5/15/2019,75.30
5/16/2019,75.99
5/17/2019,75.38
5/20/2019,74.07
5/21/2019,74.98
5/22/2019,74.59
5/23/2019,73.28
5/24/2019,73.30
5/28/2019,73.09
5/29/2019,72.66
5/30/2019,73.11
5/31/2019,71.89
6/3/2019,70.63
6/4/2019,72.99
6/5/2019,73.94
6/6/2019,74.80
6/7/2019,76.19
6/10/2019,76.97
6/11/2019,76.97
6/12/2019,76.54
6/13/2019,76.77
6/14/2019,76.10
6/17/2019,76.16
6/18/2019,77.54
6/19/2019,77.82
6/20/2019,78.96
6/21/2019,78.31
6/24/2019,78.46
6/25/2019,77.02
6/26/2019,77.85
6/27/2019,78.05
6/28/2019,78.04
7/1/2019,79.28
7/2/2019,79.49
7/3/2019,80.10
7/5/2019,79.95
7/8/2019,79.34
7/9/2019,79.62
7/10/2019,80.25
7/11/2019,80.55
7/12/2019,81.14
7/15/2019,81.41
7/16/2019,80.65
7/17/2019,80.44
7/18/2019,81.04
7/19/2019,80.69
7/22/2019,81.62
7/23/2019,82.07
7/24/2019,82.75
7/25/2019,82.41
7/26/2019,82.59
7/29/2019,82.54
7/30/2019,82.01
7/31/2019,80.77
8/1/2019,80.36
8/2/2019,79.05
8/5/2019,75.75
8/6/2019,77.01
8/7/2019,77.49
8/8/2019,79.39
8/9/2019,78.49
8/12/2019,77.46
8/13/2019,79.40
8/14/2019,76.96
8/15/2019,76.82
8/16/2019,78.28
8/19/2019,79.47
8/20/2019,79.07
8/21/2019,80.00
8/22/2019,79.81
8/23/2019,77.17
8/26/2019,78.24
8/27/2019,78.12
8/28/2019,78.19
8/29/2019,79.55
8/30/2019,79.53
9/3/2019,78.56
9/4/2019,79.90
9/5/2019,81.57
9/6/2019,81.50
9/9/2019,80.89
9/10/2019,80.48
9/11/2019,81.32
9/12/2019,81.76
9/13/2019,81.16
9/16/2019,80.96
9/17/2019,81.29
9/18/2019,81.28
9/19/2019,81.46
9/20/2019,80.26
9/23/2019,80.51
9/24/2019,79.73
9/25/2019,80.68
9/26/2019,80.77
9/27/2019,79.69
9/30/2019,80.53
10/1/2019,79.78
10/2/2019,78.28
10/3/2019,79.24
10/4/2019,80.55
10/7/2019,80.21
10/8/2019,78.74
10/9/2019,79.91
10/10/2019,80.46
10/11/2019,81.57
10/14/2019,81.52
10/15/2019,82.42
10/16/2019,81.85
10/17/2019,81.69
10/18/2019,80.91
10/21/2019,81.78
10/22/2019,80.68
10/23/2019,80.75
10/24/2019,81.93
10/25/2019,82.92
10/28/2019,83.97
10/29/2019,83.21
10/30/2019,83.72
10/31/2019,83.67
11/1/2019,84.67
11/4/2019,85.11
11/5/2019,85.01
11/6/2019,84.97
11/7/2019,85.64
11/8/2019,86.12
11/11/2019,86.16
11/12/2019,86.45
11/13/2019,86.64
11/14/2019,86.54
11/15/2019,87.24
11/18/2019,87.50
11/19/2019,87.67
11/20/2019,87.14
11/21/2019,86.70
11/22/2019,86.59
11/25/2019,87.85
11/26/2019,87.93
11/27/2019,88.42
11/29/2019,88.16
12/2/2019,86.90
12/3/2019,86.13
12/4/2019,86.48
12/5/2019,86.80
12/6/2019,87.76
12/9/2019,87.30
12/10/2019,87.37
12/11/2019,87.96
12/12/2019,88.90
12/13/2019,89.49
12/16/2019,90.29
12/17/2019,90.08
12/18/2019,90.07
12/19/2019,90.72
12/20/2019,90.95
12/23/2019,91.21
12/24/2019,91.24
12/26/2019,91.92
12/27/2019,91.91
12/30/2019,91.38
12/31/2019,91.67
1/2/2020,93.39
1/3/2020,92.34
1/6/2020,92.56
1/7/2020,92.52
1/8/2020,93.51
1/9/2020,94.57
1/10/2020,94.35
1/13/2020,95.53
1/14/2020,95.08
1/15/2020,95.19
1/16/2020,96.47
1/17/2020,97.12
1/21/2020,97.08
1/22/2020,97.43
1/23/2020,97.89
1/24/2020,97.43
1/27/2020,95.11
1/28/2020,96.93
1/29/2020,97.18
1/30/2020,98.02
1/31/2020,95.33
2/3/2020,96.59
2/4/2020,99.12
2/5/2020,99.70
2/6/2020,100.61
2/7/2020,99.69
2/10/2020,101.04
2/11/2020,100.70
2/12/2020,101.79
2/13/2020,101.52
2/14/2020,101.96
2/18/2020,101.58
2/19/2020,102.79
2/20/2020,101.72
2/21/2020,99.44
2/24/2020,95.33
2/25/2020,92.28
2/26/2020,92.70
2/27/2020,87.70
2/28/2020,88.37
3/2/2020,93.48
3/3/2020,89.93
3/4/2020,93.79
3/5/2020,90.83
3/6/2020,88.91
3/9/2020,82.16
3/10/2020,87.64
3/11/2020,83.50
3/12/2020,75.35
3/13/2020,84.19
3/16/2020,72.56
3/17/2020,77.50
3/18/2020,74.58
3/19/2020,74.85
3/20/2020,71.42
3/23/2020,70.40
3/24/2020,77.61
3/25/2020,77.51
3/26/2020,82.31
3/27/2020,78.59
3/30/2020,81.90
3/31/2020,80.37
4/1/2020,76.54
4/2/2020,78.33
4/3/2020,77.12
4/6/2020,83.70
4/7/2020,82.95
4/8/2020,85.18
4/9/2020,85.20
4/13/2020,85.39
4/14/2020,88.97
4/15/2020,87.03
4/16/2020,88.09
4/17/2020,89.26
4/20/2020,87.83
4/21/2020,84.15
4/22/2020,87.39
4/23/2020,86.79
4/24/2020,88.63
4/27/2020,89.39
4/28/2020,88.20
4/29/2020,91.82
4/30/2020,91.41
5/1/2020,88.90
5/4/2020,90.08
5/5/2020,91.32
5/6/2020,92.03
5/7/2020,93.41
5/8/2020,94.78
5/11/2020,95.41
5/12/2020,93.44
5/13/2020,91.83
5/14/2020,93.00
5/15/2020,93.47
5/18/2020,95.76
5/19/2020,95.41
5/20/2020,97.50
5/21/2020,96.14
5/22/2020,96.49
5/26/2020,96.39
5/27/2020,96.94
5/28/2020,96.75
5/29/2020,97.97
6/1/2020,97.94
6/2/2020,98.86
6/3/2020,99.63
6/4/2020,98.81
6/5/2020,101.41
6/8/2020,101.92
6/9/2020,102.40
6/10/2020,104.11
6/11/2020,98.14
6/12/2020,99.41
6/15/2020,100.37
6/16/2020,102.51
6/17/2020,102.49
6/18/2020,102.95
6/19/2020,102.24
6/22/2020,103.88
6/23/2020,104.63
6/24/2020,102.27
6/25/2020,103.58
6/26/2020,101.54
6/29/2020,102.65
6/30/2020,104.49
7/1/2020,104.66
7/2/2020,105.27
7/6/2020,107.11
7/7/2020,105.99
7/8/2020,107.72
7/9/2020,108.11
7/10/2020,108.08
7/13/2020,105.84
7/14/2020,107.06
7/15/2020,107.64
7/16/2020,106.31
7/17/2020,106.83
7/20/2020,109.56
7/21/2020,108.46
7/22/2020,109.33
7/23/2020,106.49
7/24/2020,105.20
7/27/2020,106.86
7/28/2020,105.61
7/29/2020,107.14
7/30/2020,107.74
7/31/2020,110.43
8/3/2020,113.15
8/4/2020,113.44
8/5/2020,113.86
8/6/2020,115.46
8/7/2020,113.74
8/10/2020,113.42
8/11/2020,111.38
8/12/2020,113.91
8/13/2020,113.96
8/14/2020,113.88
8/17/2020,114.64
8/18/2020,115.07
8/19/2020,114.93
8/20/2020,116.46
8/21/2020,117.94
8/24/2020,118.96
8/25/2020,119.56
8/26/2020,121.99
8/27/2020,122.09
8/28/2020,123.16
8/31/2020,123.55
9/1/2020,125.91
9/2/2020,127.03
9/3/2020,119.79
9/4/2020,118.12
9/8/2020,112.78
9/9/2020,116.46
9/10/2020,113.83
9/11/2020,112.96
9/14/2020,115.33
9/15/2020,116.47
9/16/2020,114.67
9/17/2020,113.72
9/18/2020,111.76
9/21/2020,112.44
9/22/2020,114.22
9/23/2020,110.66
9/24/2020,111.28
9/25/2020,113.94
9/28/2020,116.12
9/29/2020,115.73
9/30/2020,116.70
10/1/2020,117.93
10/2/2020,114.94
10/5/2020,117.46
10/6/2020,115.64
10/7/2020,117.76
10/8/2020,118.37
10/9/2020,120.18
10/12/2020,123.46
10/13/2020,122.67
10/14/2020,122.02
10/15/2020,121.47
10/16/2020,121.12
10/19/2020,118.90
10/20/2020,119.31
10/21/2020,119.13
10/22/2020,118.57
10/23/2020,118.44
10/26/2020,115.87
10/27/2020,116.45
10/28/2020,111.51
10/29/2020,113.37
10/30/2020,110.86
11/2/2020,111.14
11/3/2020,113.10
11/4/2020,117.50
11/5/2020,121.15
11/6/2020,121.58
11/9/2020,120.70
11/10/2020,118.45
11/11/2020,121.26
11/12/2020,120.18
11/13/2020,121.20
11/16/2020,122.37
11/17/2020,121.69
11/18/2020,120.39
11/19/2020,121.36
11/20/2020,120.11
11/23/2020,120.08
11/24/2020,121.75
11/25/2020,122.01
11/27/2020,122.66
11/30/2020,123.48
12/1/2020,125.06
12/2/2020,124.87
12/3/2020,124.79
12/4/2020,126.04
12/7/2020,126.40
12/8/2020,126.81
12/9/2020,124.38
12/10/2020,124.56
12/11/2020,124.30
12/14/2020,124.75
12/15/2020,126.83
12/16/2020,127.69
12/17/2020,128.70
12/18/2020,128.25
12/21/2020,128.08
12/22/2020,129.19
12/23/2020,128.21
12/24/2020,129.06
12/28/2020,130.52
12/29/2020,129.90
12/30/2020,129.83
12/31/2020,130.02
1/4/2021,127.90
1/5/2021,128.73
1/6/2021,126.51
1/7/2021,129.92
1/8/2021,130.76
1/11/2021,129.68
1/12/2021,129.06
1/13/2021,129.88
1/14/2021,128.74
1/15/2021,127.42
1/19/2021,129.08
1/20/2021,131.64
1/21/2021,133.34
1/22/2021,132.83
1/25/2021,133.94
1/26/2021,134.03
1/27/2021,131.50
1/28/2021,132.04
1/29/2021,128.93
2/1/2021,132.16
2/2/2021,133.95
2/3/2021,133.49
2/4/2021,135.62
2/5/2021,135.32
2/8/2021,136.74
2/9/2021,136.58
2/10/2021,136.38
2/11/2021,137.88
2/12/2021,138.59
2/16/2021,138.14
2/17/2021,136.92
2/18/2021,136.25
2/19/2021,136.05
2/22/2021,133.05
2/23/2021,132.68
2/24/2021,134.71
2/25/2021,130.00
2/26/2021,130.69
3/1/2021,134.90
3/2/2021,132.76
3/3/2021,129.42
3/4/2021,126.56
3/5/2021,128.95
3/8/2021,125.83
3/9/2021,130.11
3/10/2021,129.59
3/11/2021,132.36
3/12/2021,131.41
3/15/2021,132.81
3/16/2021,133.81
3/17/2021,133.70
3/18/2021,129.99
3/19/2021,129.60
3/22/2021,131.87
3/23/2021,131.05
3/24/2021,129.46
3/25/2021,129.38
3/26/2021,132.67
3/29/2021,131.98
3/30/2021,130.73
3/31/2021,132.81
4/1/2021,135.48
4/5/2021,138.28
4/6/2021,137.69
4/7/2021,138.42
4/8/2021,140.42
4/9/2021,141.77
4/12/2021,141.09
4/13/2021,142.42
4/14/2021,140.91
4/15/2021,143.33
4/16/2021,143.30
4/19/2021,142.11
4/20/2021,140.85
4/21/2021,142.27
4/22/2021,140.60
4/23/2021,142.70
4/26/2021,143.43
4/27/2021,143.08
4/28/2021,141.75
4/29/2021,141.63
4/30/2021,139.70
5/3/2021,139.31
5/4/2021,136.81
5/5/2021,136.48
5/6/2021,137.85
5/7/2021,139.03
5/10/2021,135.52
5/11/2021,135.11
5/12/2021,131.31
5/13/2021,133.05
5/14/2021,135.98
5/17/2021,134.98
5/18/2021,133.90
5/19/2021,134.37
5/20/2021,136.94
5/21/2021,136.19
5/24/2021,138.61
5/25/2021,138.65
5/26/2021,138.64
5/27/2021,137.91
5/28/2021,138.40
6/1/2021,137.72
6/2/2021,138.67
6/3/2021,137.38
6/4/2021,140.02
6/7/2021,139.99
6/8/2021,140.00
6/9/2021,140.10
6/10/2021,141.13
6/11/2021,141.97
6/14/2021,143.41
6/15/2021,142.53
6/16/2021,141.76
6/17/2021,143.40
6/18/2021,142.09
6/21/2021,143.35
6/22/2021,144.65
6/23/2021,144.49
6/24/2021,145.40
6/25/2021,145.23
6/28/2021,146.75
6/29/2021,147.82
6/30/2021,147.66
7/1/2021,147.91
7/2/2021,149.86
7/6/2021,150.43
7/7/2021,151.25
7/8/2021,149.82
7/9/2021,151.20
7/12/2021,151.32
7/13/2021,151.94
7/14/2021,153.06
7/15/2021,151.80
7/16/2021,150.30
7/19/2021,148.23
7/20/2021,150.43
7/21/2021,151.88
7/22/2021,153.00
7/23/2021,154.52
7/26/2021,154.44
7/27/2021,152.98
7/28/2021,152.79
7/29/2021,153.50
7/30/2021,153.40
8/2/2021,152.85
8/3/2021,153.83
8/4/2021,154.14
8/5/2021,154.99
8/6/2021,154.86
8/9/2021,154.36
8/10/2021,153.25
8/11/2021,153.27
8/12/2021,154.15
8/13/2021,154.99
8/16/2021,155.69
8/17/2021,154.40
8/18/2021,152.27
8/19/2021,153.76
8/20/2021,155.74
8/23/2021,157.75
8/24/2021,157.57
8/25/2021,157.48
8/26/2021,156.49
8/27/2021,158.00
8/30/2021,159.70
8/31/2021,158.86
9/1/2021,158.90
9/2/2021,158.73
9/3/2021,159.36
9/7/2021,159.40
9/8/2021,158.79
9/9/2021,158.19
9/10/2021,156.63
9/13/2021,156.68
9/14/2021,156.48
9/15/2021,157.85
9/16/2021,157.94
9/17/2021,155.48
9/20/2021,152.38
9/21/2021,152.44
9/22/2021,154.53
9/23/2021,156.60
9/24/2021,156.71
9/27/2021,155.19
9/28/2021,150.59
9/29/2021,150.40
9/30/2021,149.32
10/1/2021,151.57
10/4/2021,148.06
10/5/2021,150.17
10/6/2021,151.15
10/7/2021,152.53
10/8/2021,151.96
10/11/2021,151.12
10/12/2021,150.34
10/13/2021,151.26
10/14/2021,154.67
10/15/2021,155.91
10/18/2021,157.23
10/19/2021,158.79
10/20/2021,158.35
10/21/2021,158.96
10/22/2021,158.41
10/25/2021,158.93
10/26/2021,159.38
10/27/2021,159.24
10/28/2021,160.84
10/29/2021,161.53
11/1/2021,161.29
11/2/2021,162.71
11/3/2021,163.66
11/4/2021,166.22
11/5/2021,167.08
11/8/2021,167.98
11/9/2021,167.29
11/10/2021,164.53
11/11/2021,165.30
11/12/2021,167.31
11/15/2021,167.14
11/16/2021,168.90
11/17/2021,168.39
11/18/2021,170.07
11/19/2021,171.31
11/22/2021,169.40
11/23/2021,169.01
11/24/2021,170.24
11/26/2021,165.99
11/29/2021,170.14
11/30/2021,168.72
12/1/2021,166.41
12/2/2021,167.94
12/3/2021,165.13
12/6/2021,166.70
12/7/2021,172.52
12/8/2021,173.31
12/9/2021,171.44
12/10/2021,174.88
12/13/2021,172.28
12/14/2021,169.45
12/15/2021,173.94
12/16/2021,169.01
12/17/2021,167.88
12/20/2021,165.57
12/21/2021,169.76
12/22/2021,171.98
12/23/2021,172.94
12/27/2021,176.65
12/28/2021,175.73
12/29/2021,175.88
12/30/2021,174.72
12/31/2021,173.87
1/3/2022,175.52
1/4/2022,173.66
1/5/2022,168.32
1/6/2022,167.47
1/7/2022,165.93
1/10/2022,165.96
1/11/2022,167.95
1/12/2022,168.74
1/13/2022,164.37
1/14/2022,165.76
1/18/2022,161.78
1/19/2022,159.52
1/20/2022,157.46
1/21/2022,154.33
1/24/2022,155.13
1/25/2022,151.54
1/26/2022,152.43
1/27/2022,151.38
1/28/2022,158.00
1/31/2022,161.97
2/1/2022,162.39
2/2/2022,163.71
2/3/2022,158.96
2/4/2022,159.60
2/7/2022,158.54
2/8/2022,160.50
2/9/2022,164.06
2/10/2022,159.77
2/11/2022,154.89
2/14/2022,154.84
2/15/2022,158.91
2/16/2022,158.75
2/17/2022,154.00
2/18/2022,152.44
2/22/2022,151.03
2/23/2022,147.25
2/24/2022,152.28
2/25/2022,154.35
2/28/2022,154.07
3/1/2022,150.99
3/2/2022,154.26
3/3/2022,152.42
3/4/2022,149.75
3/7/2022,144.27
3/8/2022,143.57
3/9/2022,149.25
3/10/2022,146.64
3/11/2022,144.06
3/14/2022,141.39
3/15/2022,146.14
3/16/2022,150.89
3/17/2022,151.96
3/18/2022,155.07
3/21/2022,154.49
3/22/2022,156.71
3/23/2022,154.30
3/24/2022,158.31
3/25/2022,158.22
3/28/2022,160.10
3/29/2022,163.50
3/30/2022,161.32
3/31/2022,158.93
4/1/2022,158.46
4/4/2022,161.47
4/5/2022,158.07
4/6/2022,154.33
4/7/2022,154.57
4/8/2022,152.41
4/11/2022,148.57
4/12/2022,147.91
4/13/2022,150.29
4/14/2022,146.64
4/18/2022,147.12
4/19/2022,149.88
4/20/2022,149.74
4/21/2022,147.20
4/22/2022,143.08
4/25/2022,145.23
4/26/2022,139.82
4/27/2022,141.89
4/28/2022,147.57
4/29/2022,141.42
5/2/2022,143.57
5/3/2022,143.82
5/4/2022,148.87
5/5/2022,141.71
5/6/2022,140.57
5/9/2022,135.13
5/10/2022,137.19
5/11/2022,132.86
5/12/2022,131.49
5/13/2022,135.86
5/16/2022,134.66
5/17/2022,138.56
5/18/2022,132.22
5/19/2022,130.77
5/20/2022,131.06
5/23/2022,134.07
5/24/2022,132.08
5/25/2022,133.62
5/26/2022,136.83
5/27/2022,141.46
5/31/2022,140.45
6/1/2022,140.03
6/2/2022,143.42
6/3/2022,139.99
6/6/2022,140.00
6/7/2022,141.67
6/8/2022,140.07
6/9/2022,136.33
6/10/2022,131.09
6/13/2022,125.28
6/14/2022,126.07
6/15/2022,128.73
6/16/2022,123.49
6/17/2022,124.62
6/21/2022,127.46
6/22/2022,126.92
6/23/2022,128.82
6/24/2022,133.45
6/27/2022,132.55
6/28/2022,128.58
6/29/2022,128.84
6/30/2022,127.12
7/1/2022,127.41
7/5/2022,129.01
7/6/2022,130.12
7/7/2022,132.81
7/8/2022,132.87
7/11/2022,131.04
7/12/2022,129.25
7/13/2022,128.91
7/14/2022,130.09
7/15/2022,132.38
7/18/2022,131.10
7/19/2022,135.10
7/20/2022,137.21
7/21/2022,139.14
7/22/2022,137.22
7/25/2022,136.35
7/26/2022,134.14
7/27/2022,139.91
7/28/2022,142.04
7/29/2022,144.22
8/1/2022,143.91
8/2/2022,142.89
8/3/2022,146.69
8/4/2022,147.36
8/5/2022,147.02
8/8/2022,145.77
8/9/2022,144.31
8/10/2022,148.25
8/11/2022,147.67
8/12/2022,150.61
8/15/2022,151.56
8/16/2022,151.15
8/17/2022,150.07
8/18/2022,150.85
8/19/2022,148.11
8/22/2022,143.98
8/23/2022,143.60
8/24/2022,143.69
8/25/2022,146.12
8/26/2022,139.88
8/29/2022,138.03
8/30/2022,136.59
8/31/2022,135.26
9/1/2022,134.60
9/2/2022,132.85
9/6/2022,131.97
9/7/2022,134.08
9/8/2022,134.54
9/9/2022,137.20
9/12/2022,139.40
9/13/2022,132.00
9/14/2022,132.48
9/15/2022,129.43
9/16/2022,128.71
9/19/2022,129.44
9/20/2022,128.68
9/21/2022,126.67
9/22/2022,125.38
9/23/2022,123.74
9/26/2022,122.88
9/27/2022,123.04
9/28/2022,124.34
9/29/2022,121.10
9/30/2022,118.78
10/3/2022,122.46
10/4/2022,126.57
10/5/2022,126.99
10/6/2022,125.95
10/7/2022,120.77
10/10/2022,118.74
10/11/2022,116.92
10/12/2022,116.56
10/13/2022,120.18
10/14/2022,116.80
10/17/2022,120.36
10/18/2022,121.38
10/19/2022,121.03
10/20/2022,121.10
10/21/2022,124.34
10/24/2022,126.06
10/25/2022,128.47
10/26/2022,125.61
10/27/2022,124.18
10/28/2022,129.58
10/31/2022,127.87
11/1/2022,126.80
11/2/2022,122.42
11/3/2022,118.82
11/4/2022,120.99
11/7/2022,123.01
11/8/2022,124.19
11/9/2022,120.96
11/10/2022,130.90
11/11/2022,133.14
11/14/2022,132.00
11/15/2022,133.60
11/16/2022,131.77
11/17/2022,131.94
11/18/2022,132.09
11/21/2022,130.67
11/22/2022,133.20
11/23/2022,134.38
11/25/2022,133.60
11/28/2022,130.74
11/29/2022,129.46
11/30/2022,135.96
12/1/2022,136.15
12/2/2022,135.36
12/5/2022,133.11
12/6/2022,130.26
12/7/2022,129.60
12/8/2022,131.72
12/9/2022,130.91
12/12/2022,133.77
12/13/2022,135.35
12/14/2022,134.21
12/15/2022,129.19
12/16/2022,127.48
12/19/2022,125.42
12/20/2022,125.61
12/21/2022,127.69
12/22/2022,124.47
12/23/2022,124.60
12/27/2022,123.42
12/28/2022,121.43
12/29/2022,124.61
12/30/2022,124.44
1/3/2023,123.26
1/4/2023,123.58
1/5/2023,121.18
1/6/2023,124.73
1/9/2023,126.18
1/10/2023,126.96
1/11/2023,129.16
1/12/2023,130.12
1/13/2023,130.49
1/17/2023,131.08
1/18/2023,129.39
1/19/2023,127.88
1/20/2023,131.34
1/23/2023,134.33
1/24/2023,134.27
1/25/2023,133.99
1/26/2023,136.13
1/27/2023,136.70
1/30/2023,134.09
1/31/2023,135.96
2/1/2023,139.16
2/2/2023,142.96
2/3/2023,141.77
2/6/2023,140.04
2/7/2023,143.54
2/8/2023,141.81
2/9/2023,141.03
2/10/2023,140.38
2/13/2023,142.81
2/14/2023,143.42
2/15/2023,144.09
2/16/2023,141.59
2/17/2023,139.82
2/21/2023,136.50
2/22/2023,136.30
2/23/2023,138.56
2/24/2023,136.09
2/27/2023,136.82
2/28/2023,136.52
3/1/2023,135.52
3/2/2023,137.19
3/3/2023,140.14
3/6/2023,140.81
3/7/2023,139.06
3/8/2023,140.21
3/9/2023,138.20
3/10/2023,135.77
3/13/2023,136.51
3/14/2023,139.66
3/15/2023,139.74
3/16/2023,143.66
3/17/2023,143.46
3/20/2023,143.53
3/21/2023,144.69
3/22/2023,143.25
3/23/2023,145.58
3/24/2023,145.96
3/27/2023,144.83
3/28/2023,144.15
3/29/2023,147.17
3/30/2023,148.88
3/31/2023,151.01
4/3/2023,150.77
4/4/2023,149.94
4/5/2023,148.23
4/6/2023,149.07
4/10/2023,148.99
4/11/2023,147.59
4/12/2023,146.75
4/13/2023,149.48
4/14/2023,148.65
4/17/2023,149.19
4/18/2023,149.65
4/19/2023,149.22
4/20/2023,148.24
4/21/2023,147.76
4/24/2023,147.11
4/25/2023,143.97
4/26/2023,146.11
4/27/2023,149.21
4/28/2023,150.83
5/1/2023,150.92
5/2/2023,149.51
5/3/2023,148.25
5/4/2023,147.54
5/5/2023,151.24
5/8/2023,151.16
5/9/2023,150.00
5/10/2023,151.83
5/11/2023,151.15
5/12/2023,150.95
5/15/2023,152.20
5/16/2023,152.36
5/17/2023,154.39
5/18/2023,157.55
5/19/2023,157.48
5/22/2023,157.78
5/23/2023,155.45
5/24/2023,154.31
5/25/2023,160.23
5/26/2023,164.78
5/30/2023,165.66
5/31/2023,164.28
6/1/2023,165.95
6/2/2023,166.90
6/5/2023,165.94
6/6/2023,165.90
6/7/2023,163.42
6/8/2023,165.19
6/9/2023,166.01
6/12/2023,169.62
6/13/2023,170.65
6/14/2023,172.41
6/15/2023,174.63
6/16/2023,173.19
6/20/2023,171.66
6/21/2023,169.12
6/22/2023,170.50
6/23/2023,168.65
6/26/2023,167.44
6/27/2023,170.74
6/28/2023,170.84
6/29/2023,171.14
6/30/2023,173.86
7/3/2023,173.49
7/5/2023,172.42
7/6/2023,171.96
7/7/2023,171.21
7/10/2023,171.66
7/11/2023,172.03
7/12/2023,173.98
7/13/2023,176.25
7/14/2023,175.99
7/17/2023,178.24
7/18/2023,180.26
7/19/2023,179.81
7/20/2023,176.22
7/21/2023,176.13
7/24/2023,176.44
7/25/2023,178.46
7/26/2023,176.06
7/27/2023,175.55
7/28/2023,177.94
7/31/2023,178.35
8/1/2023,178.65
8/2/2023,174.23
8/3/2023,173.52
8/4/2023,171.16
8/7/2023,171.64
8/8/2023,170.32
8/9/2023,168.12
8/10/2023,168.14
8/11/2023,166.90
8/14/2023,169.56
8/15/2023,167.89
8/16/2023,166.29
8/17/2023,164.71
8/18/2023,164.96
8/21/2023,168.11
8/22/2023,167.92
8/23/2023,170.95
8/24/2023,167.01
8/25/2023,168.71
8/28/2023,170.09
8/29/2023,173.50
8/30/2023,174.81
8/31/2023,175.66
9/1/2023,176.20
9/5/2023,176.83
9/6/2023,174.96
9/7/2023,172.43
9/8/2023,172.79
9/11/2023,173.69
9/12/2023,170.54
9/13/2023,170.97
9/14/2023,172.21
9/15/2023,168.90
9/18/2023,169.35
9/19/2023,169.26
9/20/2023,166.60
9/21/2023,164.06
9/22/2023,164.41
9/25/2023,164.94
9/26/2023,161.97
9/27/2023,162.22
9/28/2023,163.37
9/29/2023,163.93
10/2/2023,165.69
10/3/2023,162.88
10/4/2023,164.91
10/5/2023,165.13
10/6/2023,168.22
10/9/2023,169.09
10/10/2023,169.35
10/11/2023,170.92
10/12/2023,171.08
10/13/2023,168.63
10/16/2023,170.25
10/17/2023,169.46
10/18/2023,167.72
10/19/2023,166.76
10/20/2023,163.94
10/23/2023,164.13
10/24/2023,165.26
10/25/2023,163.31
10/26/2023,160.19
10/27/2023,161.12
10/30/2023,162.85
10/31/2023,164.01
11/1/2023,167.18
11/2/2023,170.01
11/3/2023,171.76
11/6/2023,172.89
11/7/2023,174.78
11/8/2023,175.77
11/9/2023,174.95
11/10/2023,179.52
11/13/2023,178.47
11/14/2023,182.04
11/15/2023,182.27
11/16/2023,183.18
11/17/2023,182.80
11/20/2023,185.45
11/21/2023,183.95
11/22/2023,184.77
11/24/2023,184.41
11/27/2023,184.40
11/28/2023,184.75
11/29/2023,184.89
11/30/2023,185.16
12/1/2023,185.58
12/4/2023,183.32
12/5/2023,184.42
12/6/2023,182.86
12/7/2023,185.08
12/8/2023,186.66
12/11/2023,188.29
12/12/2023,189.54
12/13/2023,191.21
12/14/2023,190.74
12/15/2023,191.70
12/18/2023,191.85
12/19/2023,192.58
12/20/2023,189.67
12/21/2023,191.80
12/22/2023,192.05
12/26/2023,192.85
12/27/2023,192.84
12/28/2023,193.07
12/29/2023,192.48
1/2/2024,187.44
1/3/2024,185.53
1/4/2024,184.17
1/5/2024,184.12
1/8/2024,188.74
1/9/2024,189.04
1/10/2024,190.65
1/11/2024,191.62
1/12/2024,192.24
1/16/2024,192.72
1/17/2024,191.77
1/18/2024,195.66
1/19/2024,200.17
1/22/2024,201.05
1/23/2024,201.86
1/24/2024,203.25
1/25/2024,204.10
1/26/2024,201.75
1/29/2024,203.60
1/30/2024,201.92
1/31/2024,197.68
2/1/2024,200.17
2/2/2024,202.24
2/5/2024,202.70
2/6/2024,201.77
2/7/2024,204.44
2/8/2024,205.08
2/9/2024,207.84
2/12/2024,206.26
2/13/2024,202.76
2/14/2024,204.88
2/15/2024,204.45
2/16/2024,202.57
2/20/2024,200.51
2/21/2024,199.25
2/22/2024,205.77
2/23/2024,205.29
2/26/2024,205.49
2/27/2024,205.67
2/28/2024,204.70
2/29/2024,206.98
3/1/2024,210.76
3/4/2024,210.76
3/5/2024,205.58
3/6/2024,207.21
3/7/2024,210.48
3/8/2024,207.35
3/11/2024,206.78
3/12/2024,211.02
3/13/2024,208.74
3/14/2024,208.78
3/15/2024,205.63
3/18/2024,206.30
3/19/2024,207.37
3/20/2024,209.69
3/21/2024,209.84
3/22/2024,209.91
3/25/2024,208.52
3/26/2024,207.66
3/27/2024,208.72
3/28/2024,208.27
4/1/2024,208.85
4/2/2024,206.84
4/3/2024,207.39
4/4/2024,204.11
4/5/2024,206.45
4/8/2024,206.21
4/9/2024,207.25
4/10/2024,204.71
4/11/2024,208.80
4/12/2024,205.42
4/15/2024,201.52
4/16/2024,201.76
4/17/2024,198.85
4/18/2024,196.58
4/19/2024,192.53
4/22/2024,194.25
4/23/2024,197.13
4/24/2024,198.03
4/25/2024,197.60
4/26/2024,199.83
4/29/2024,200.69
4/30/2024,196.27
5/1/2024,194.26
5/2/2024,197.06
5/3/2024,202.55
5/6/2024,204.93
5/7/2024,204.26
5/8/2024,204.84
5/9/2024,204.78
5/10/2024,205.54
5/13/2024,206.51
5/14/2024,208.34
5/15/2024,213.03
5/16/2024,212.29
5/17/2024,211.82
5/20/2024,214.31
5/21/2024,214.66
5/22/2024,215.14
5/23/2024,213.39
5/24/2024,215.19
5/28/2024,216.10
5/29/2024,214.73
5/30/2024,209.83
5/31/2024,210.16
6/3/2024,210.69
6/4/2024,211.13
6/5/2024,215.82
6/6/2024,215.10
6/7/2024,215.60
6/10/2024,216.15
6/11/2024,220.17
6/12/2024,225.04
6/13/2024,226.82
6/14/2024,227.67
6/17/2024,231.12
6/18/2024,231.41
6/20/2024,228.81
6/21/2024,228.41
6/24/2024,222.42
6/25/2024,226.50
6/26/2024,226.24
6/27/2024,226.35
6/28/2024,226.23
7/1/2024,227.94
7/2/2024,229.08
7/3/2024,232.17
7/5/2024,232.88
7/8/2024,234.47
7/9/2024,234.28
7/10/2024,237.68
7/11/2024,231.73
7/12/2024,233.80
7/15/2024,234.22
7/16/2024,233.44
7/17/2024,224.36
7/18/2024,224.38
7/19/2024,220.87
7/22/2024,226.10
7/23/2024,225.20
7/24/2024,215.88
7/25/2024,213.57
7/26/2024,216.28
7/29/2024,215.32
7/30/2024,209.91
7/31/2024,218.80
8/1/2024,210.64
8/2/2024,204.72
8/5/2024,197.90
8/6/2024,200.59
8/7/2024,197.34
8/8/2024,204.71
8/9/2024,205.63
8/12/2024,207.31
8/13/2024,213.68
8/14/2024,214.85
8/15/2024,221.03
8/16/2024,221.40
8/19/2024,225.05
8/20/2024,224.26
8/21/2024,225.58
8/22/2024,220.39
8/23/2024,223.96
8/26/2024,221.15
8/27/2024,222.49
8/28/2024,219.42
8/29/2024,217.44
8/30/2024,220.33
9/3/2024,210.21
9/4/2024,209.67
9/5/2024,209.35
9/6/2024,203.92
9/9/2024,207.26
9/10/2024,210.36
9/11/2024,217.54
9/12/2024,219.34
9/13/2024,220.44
9/16/2024,219.60
9/17/2024,219.17
9/18/2024,217.17
9/19/2024,223.62
9/20/2024,222.53
9/23/2024,222.09
9/24/2024,223.61
9/25/2024,224.25
9/26/2024,227.22
9/27/2024,225.10
9/30/2024,225.76
10/1/2024,220.26
10/2/2024,221.89
10/3/2024,222.81
10/4/2024,225.29
10/7/2024,223.74
10/8/2024,227.92
10/9/2024,230.47
10/10/2024,230.41
10/11/2024,230.81
10/14/2024,233.82
10/15/2024,228.68
10/16/2024,229.39
10/17/2024,230.09
10/18/2024,230.91
10/21/2024,231.99
10/22/2024,231.75
10/23/2024,228.43
10/24/2024,229.10
10/25/2024,230.29
10/28/2024,230.22
10/29/2024,233.32
10/30/2024,229.61
10/31/2024,222.24
11/1/2024,223.91
11/4/2024,223.74
11/5/2024,226.89
11/6/2024,233.35
11/7/2024,237.42
11/8/2024,237.16
11/11/2024,235.85
11/12/2024,236.15
11/13/2024,235.33
11/14/2024,234.53
11/15/2024,228.71
11/18/2024,229.45
11/19/2024,231.33
11/20/2024,231.13
11/21/2024,233.48
11/22/2024,233.60
11/25/2024,233.59
11/26/2024,234.76
11/27/2024,231.58
11/29/2024,233.73
12/2/2024,235.95
12/3/2024,236.80
12/4/2024,241.13
12/5/2024,239.91
12/6/2024,240.84
12/9/2024,239.27
12/10/2024,235.95
12/11/2024,239.37
12/12/2024,238.03
12/13/2024,239.05
12/16/2024,241.44
12/17/2024,239.98
12/18/2024,232.24
12/19/2024,232.49
12/20/2024,235.96
12/23/2024,238.07
12/24/2024,240.53
12/26/2024,240.69
12/27/2024,237.49
12/30/2024,234.47
12/31/2024,232.52
1/2/2025,231.97
1/3/2025,235.75
1/6/2025,238.75
1/7/2025,233.96
1/8/2025,233.88
1/10/2025,228.78
1/13/2025,227.16
1/14/2025,227.76
1/15/2025,232.29
1/16/2025,230.50
1/17/2025,234.11
1/21/2025,236.06
1/22/2025,241.39
1/23/2025,241.82
1/24/2025,239.30
1/27/2025,227.57
1/28/2025,233.64
1/29/2025,231.74
1/30/2025,232.17
1/31/2025,230.81
2/3/2025,227.70
2/4/2025,230.98
2/5/2025,234.19
2/6/2025,234.83
2/7/2025,232.82
2/10/2025,236.22
2/11/2025,236.33
2/12/2025,235.82
2/13/2025,239.16
2/14/2025,239.97
2/18/2025,242.16
2/19/2025,242.18
2/20/2025,241.41
2/21/2025,234.87
2/24/2025,231.51
2/25/2025,228.51
2/26/2025,231.00
2/27/2025,222.59
2/28/2025,225.53
3/3/2025,218.67
3/4/2025,218.50
3/5/2025,221.57
3/6/2025,215.42
3/7/2025,218.54
3/10/2025,209.25
3/11/2025,208.40
3/12/2025,211.68
3/13/2025,207.66
3/14/2025,213.94
3/17/2025,215.43
3/18/2025,212.15
3/19/2025,214.91
3/20/2025,213.38
3/21/2025,213.96
3/24/2025,217.63
3/25/2025,218.35
3/26/2025,213.48
3/27/2025,211.51
3/28/2025,206.38
3/31/2025,206.48
4/1/2025,207.99
4/2/2025,209.53
4/3/2025,195.23
4/4/2025,182.37
4/7/2025,183.46
4/8/2025,179.73
4/9/2025,203.86
4/10/2025,194.37
4/11/2025,198.35
4/14/2025,200.16
4/15/2025,200.89
4/16/2025,193.91
4/17/2025,192.86
4/21/2025,187.88
4/22/2025,192.46
4/23/2025,198.04
4/24/2025,205.43
4/25/2025,208.47
4/28/2025,208.13
4/29/2025,209.10
4/30/2025,209.97
5/1/2025,213.05
5/2/2025,216.61
5/5/2025,215.46
5/6/2025,213.67
5/7/2025,215.81
5/8/2025,217.87
5/9/2025,217.60
5/12/2025,227.70
5/13/2025,232.62
5/14/2025,234.13
5/15/2025,234.45
5/16/2025,234.89
5/19/2025,234.55
,
,
0,0.00
0,0.00
